label,queue_wait_days,is_base_wait,gpus,constraint,wall_days,jhpce,local,local_gpu_busy_days,jhpce_gpu_busy_days_per_gpu,jhpce_gpu_days,jhpce_job_starts
A100,0.0,False,1,SI-30,17.8,atac_large immune_hum_mou sim2,atac_small immune lung pancreas sim1,17.32,12.79,12.79,6
A100,0.0,False,1,free,16.38,immune immune_hum_mou lung,atac_large atac_small pancreas sim1 sim2,14.55,16.34,16.34,7
A100,0.0,False,2,SI-30,15.33,atac_large immune_hum_mou lung pancreas sim2,atac_small immune sim1,11.29,10.44,20.89,12
A100,0.0,False,2,free,12.21,immune immune_hum_mou lung sim1 sim2,atac_large atac_small pancreas,8.87,12.31,24.61,12
A100,0.0,False,3,SI-30,13.68,atac_large immune_hum_mou lung pancreas sim2,atac_small immune sim1,11.47,6.96,20.89,12
A100,0.0,False,3,free,9.7,atac_large atac_small immune immune_hum_mou lung sim2,pancreas sim1,5.93,9.53,28.58,15
A100,0.0,False,4,SI-30,13.68,atac_large immune_hum_mou lung pancreas sim2,atac_small immune sim1,11.48,5.22,20.89,16
A100,0.0,False,4,free,8.24,atac_large immune immune_hum_mou lung pancreas sim1 sim2,atac_small,3.44,7.96,31.86,20
A100,0.392,True,1,SI-30,18.85,atac_large pancreas sim2,atac_small immune immune_hum_mou lung sim1,17.68,11.97,11.97,6
A100,0.392,True,1,free,17.72,atac_large immune pancreas,atac_small immune_hum_mou lung sim1 sim2,15.5,15.08,15.08,7
A100,0.392,True,2,SI-30,15.93,atac_large immune_hum_mou lung pancreas,atac_small immune sim1 sim2,14.71,8.26,16.51,8
A100,0.392,True,2,free,13.04,atac_small immune_hum_mou lung sim1 sim2,atac_large immune pancreas,10.75,10.82,21.64,10
A100,0.392,True,3,SI-30,13.94,atac_large immune_hum_mou lung pancreas sim2,atac_small immune sim1,11.29,6.96,20.89,12
A100,0.392,True,3,free,11.12,atac_large immune immune_hum_mou lung pancreas sim1,atac_small sim2,6.57,9.34,28.01,15
A100,0.392,True,4,SI-30,13.8,atac_large immune_hum_mou lung pancreas sim2,atac_small immune sim1,11.48,5.22,20.89,16
A100,0.392,True,4,free,9.81,atac_large atac_small immune lung pancreas sim1 sim2,immune_hum_mou,3.98,7.87,31.48,20
A100,0.5,False,1,SI-30,19.07,atac_large lung pancreas,atac_small immune immune_hum_mou sim1 sim2,18.41,10.95,10.95,5
A100,0.5,False,1,free,17.79,atac_small lung sim2,atac_large immune immune_hum_mou pancreas sim1,17.36,12.54,12.54,7
A100,0.5,False,2,SI-30,15.93,atac_large immune_hum_mou lung pancreas,atac_small immune sim1 sim2,14.59,8.26,16.51,8
A100,0.5,False,2,free,13.19,atac_large atac_small immune_hum_mou sim1 sim2,immune lung pancreas,11.12,10.57,21.13,10
A100,0.5,False,3,SI-30,14.07,atac_large immune_hum_mou lung pancreas sim2,atac_small immune sim1,11.29,6.96,20.89,12
A100,0.5,False,3,free,11.42,atac_large atac_small immune_hum_mou lung sim1 sim2,immune pancreas,8.84,8.16,24.49,15
A100,0.5,False,4,SI-30,13.84,atac_large immune_hum_mou lung pancreas sim2,atac_small immune sim1,11.48,5.22,20.89,16
A100,0.5,False,4,free,10.16,immune immune_hum_mou lung pancreas sim1 sim2,atac_large atac_small,5.48,7.25,29.0,20
A100,1.0,False,1,SI-30,20.27,immune_hum_mou lung,atac_large atac_small immune pancreas sim1 sim2,20.32,8.92,8.92,4
A100,1.0,False,1,free,18.79,lung pancreas sim1,atac_large atac_small immune immune_hum_mou sim2,17.91,11.65,11.65,6
A100,1.0,False,2,SI-30,16.36,atac_large immune_hum_mou lung pancreas,atac_small immune sim1 sim2,14.42,8.26,16.51,8
A100,1.0,False,2,free,14.7,atac_large atac_small lung pancreas sim1,immune immune_hum_mou sim2,12.43,9.65,19.29,10
A100,1.0,False,3,SI-30,14.96,atac_large immune_hum_mou lung pancreas sim2,atac_small immune sim1,11.29,6.96,20.89,12
A100,1.0,False,3,free,12.89,atac_large atac_small lung pancreas sim1 sim2,immune immune_hum_mou,9.3,8.01,24.03,15
A100,1.0,False,4,SI-30,14.11,atac_large immune_hum_mou lung pancreas sim2,atac_small immune sim1,11.29,5.22,20.89,16
A100,1.0,False,4,free,11.82,atac_large atac_small immune_hum_mou lung sim1 sim2,immune pancreas,8.71,6.12,24.49,20
A100,2.0,False,1,SI-30,20.38,immune_hum_mou lung,atac_large atac_small immune pancreas sim1 sim2,20.28,8.92,8.92,4
A100,2.0,False,1,free,19.99,immune_hum_mou sim1,atac_large atac_small immune lung pancreas sim2,19.73,9.11,9.11,4
A100,2.0,False,2,SI-30,17.91,immune_hum_mou lung sim2,atac_large atac_small immune pancreas sim1,16.73,6.65,13.3,8
A100,2.0,False,2,free,16.83,atac_large pancreas sim1 sim2,atac_small immune immune_hum_mou lung,15.14,7.77,15.55,8
A100,2.0,False,3,SI-30,16.7,atac_large immune_hum_mou lung pancreas,atac_small immune sim1 sim2,14.42,5.5,16.51,12
A100,2.0,False,3,free,15.64,atac_large lung pancreas sim1 sim2,atac_small immune immune_hum_mou,12.73,6.29,18.87,12
A100,2.0,False,4,SI-30,16.27,atac_large immune_hum_mou lung pancreas sim2,atac_small immune sim1,11.29,5.22,20.89,16
A100,2.0,False,4,free,14.55,atac_large immune_hum_mou lung pancreas sim1,atac_small immune sim2,11.88,5.01,20.06,16
