task,experiment,arm,cond,rows
atac_large,X1,none,0,5
atac_large,X1,none,1,5
atac_large,X1,scvi_adv,1,5
atac_large,X13,scanvi,1,5
atac_large,X13,sysvi,1,30
immune_hum_mou,X1,none,0,5
immune_hum_mou,X1,none,1,5
immune_hum_mou,X1,scvi_adv,1,5
immune_hum_mou,X13,scanvi,1,5
immune_hum_mou,X13,sysvi,1,30
lung,X1,none,0,5
lung,X1,none,1,5
lung,X1,scvi_adv,1,5
lung,X13,scanvi,1,5
lung,X13,sysvi,1,30
pancreas,X1,none,0,5
pancreas,X1,none,1,5
pancreas,X1,scvi_adv,1,5
pancreas,X13,scanvi,1,5
pancreas,X13,sysvi,1,30
sim2,X1,none,0,5
sim2,X1,none,1,5
sim2,X1,scvi_adv,1,5
sim2,X13,scanvi,1,5
sim2,X13,sysvi,1,30
