arm,cond,n_seeds,batch_mean_mean_diff,batch_mean_se,batch_mean_local_seed_sd,batch_mean_abs_diff_over_se,batch_mean_flag,bio_mean_mean_diff,bio_mean_se,bio_mean_local_seed_sd,bio_mean_abs_diff_over_se,bio_mean_flag
barycenter,0,5,-0.0010688725107433905,0.004780969377226986,0.009998565945420725,0.2235681566660333,False,-0.006583693424388004,0.006264751071496764,0.029545796975023242,1.0509106186744366,False
barycenter,1,5,-0.00318430687327973,0.0020785381806627742,0.013097593301031454,1.5319934475605177,False,0.013010282447009237,0.014329265369848472,0.04542952249776209,0.9079518112900171,False
discriminator,0,5,0.003765986556378764,0.005784315586314051,0.027241682732527632,0.6510686528392843,False,0.0027733956152746096,0.009408135070311652,0.03156500297630412,0.2947869683574535,False
discriminator,1,5,0.007832246581227654,0.004411695089116871,0.02927964847774171,1.775337239545153,False,-0.005493966515374793,0.003713233353004695,0.018763686814801082,1.4795640330358322,False
mmd,0,5,0.0028770128250062976,0.0016962731946722396,0.0016215367298498546,1.6960786941882937,False,0.006448225089341286,0.004384166327047589,0.00869880410157536,1.4707984616276382,False
mmd,1,5,-0.003590071014001195,0.002076892838279946,0.006881180080142784,1.728577877409622,False,-0.005552820104102052,0.0021600081914156604,0.009724126559366475,2.5707402991202346,True
none,1,2,0.0008342509470572468,0.0016846886545557325,0.0007654098795515423,0.4951959193179503,False,-0.009504754437832275,0.004516843163698935,0.017104286757133887,2.1042914472258625,True
pooled,0,5,0.0016733918448724073,0.0016947114886527942,0.010105274110349362,0.98741989776836,False,-0.005788808879401275,0.004517703783554268,0.016439457080852475,1.2813608763979154,False
pooled,1,5,-0.00048825877096130287,0.0007220188741712911,0.003591304542592549,0.6762410075799055,False,-0.00157230826212853,0.003210111197954721,0.005605325757087251,0.48979869081491784,False
reference,0,5,0.001092648081007619,0.0012185076467546106,0.0053797774278547825,0.8967100731109832,False,-0.0015638007006828713,0.0038428922098667816,0.01352332244920778,0.4069332719423536,False
reference,1,5,-0.0005594433069277427,0.0008776290554170131,0.003427275625436164,0.6374484794853543,False,0.005296647159174617,0.00290262559854181,0.006223606581302644,1.824777939612842,False
scvi_adv,1,2,-0.003654991779948713,0.0018468571064915174,0.009620655683046125,1.979033335660774,False,-0.005003386737306492,0.015509412369341556,0.020490704982103817,0.32260324364042353,False
sinkhorn,0,5,0.00405497819034153,0.0020745319242652903,0.0022104905169275245,1.9546472835204154,False,-0.0015382303873287206,0.0030390524005296164,0.007519662045821363,0.5061546115692683,False
sinkhorn,1,5,-0.0009382316924622103,0.000965813531224317,0.0008347083677570023,0.971441859250882,False,-0.0001764092665037742,0.004607630107569694,0.011441309397097733,0.03828633427278773,False
