Q_none_0	1791009912.098573225	1791009966.995370826	0
Q_sinkhorn_4	1791009912.097667979	1791009974.889412787	0
Q_sinkhorn_9	1791009912.096953888	1791009975.036492346	0
Q_sinkhorn_3	1791009912.098849640	1791009975.292311307	0
Q_sinkhorn_8	1791009912.097410927	1791009975.384110275	0
Q_mmd_1	1791009966.998832297	1791010003.222863377	0
Q_none_1	1791009975.039727903	1791010013.107800692	0
Q_discriminator_5	1791009975.387723583	1791010013.866953750	0
Q_discriminator_3	1791009975.295580682	1791010014.466897925	0
Q_sinkhorn_7	1791009974.893185197	1791010020.613645796	0
Q_pooled_0	1791009912.099254894	1791010027.646261912	0
Q_discriminator_7	1791010003.227108922	1791010034.035897787	0
Q_reference_5	1791009912.098291602	1791010046.025459662	0
Q_reference_3	1791009912.097901600	1791010046.116686364	0
Q_mmd_2	1791010014.470253543	1791010050.825701818	0
Q_discriminator_0	1791010027.649482887	1791010059.632842348	0
Q_discriminator_1	1791010046.028700727	1791010081.971525898	0
Q_mmd_4	1791010059.636347823	1791010099.048603145	0
Q_pooled_2	1791010013.111359517	1791010113.327440128	0
Q_pooled_5	1791010013.869965840	1791010114.085341648	0
Q_mmd_5	1791010081.974891288	1791010118.702764587	0
Q_barycenter_9	1791010020.617384693	1791010123.236091342	0
Q_mmd_7	1791010099.052300378	1791010134.504781796	0
Q_barycenter_5	1791010034.040068355	1791010141.132360650	0
Q_pooled_4	1791010046.120345244	1791010147.605327524	0
Q_pooled_1	1791010050.829522515	1791010153.827657473	0
Q_scvi_adv_1	1791010118.705902347	1791010155.066794819	0
Q_sinkhorn_0	1791010114.089124454	1791010157.284762693	0
Q_mmd_0	1791010123.239529418	1791010161.637342274	0
Q_scvi_adv_0	1791010134.508329964	1791010167.714244675	0
Q_discriminator_4	1791010157.288361247	1791010195.795954984	0
Q_sinkhorn_1	1791010155.070711594	1791010199.470539660	0
Q_pooled_7	1791010113.330687722	1791010212.442139398	0
Q_discriminator_9	1791010195.799349152	1791010230.523873998	0
Q_barycenter_4	1791010141.135768114	1791010245.433686704	0
Q_barycenter_1	1791010153.831868402	1791010261.154665826	0
Q_pooled_3	1791010161.640799172	1791010266.554394201	0
Q_reference_6	1791010147.609251410	1791010268.060560254	0
Q_barycenter_2	1791010167.718920820	1791010272.803582052	0
Q_discriminator_6	1791010261.157943246	1791010294.291517292	0
Q_mmd_8	1791010268.064063216	1791010306.723931186	0
Q_discriminator_8	1791010272.806751268	1791010308.185726043	0
Q_reference_8	1791010199.473680145	1791010316.579626213	0
Q_reference_4	1791010212.445652662	1791010326.841565202	0
Q_barycenter_8	1791010230.527292936	1791010331.946736458	0
Q_mmd_3	1791010306.727157350	1791010345.899723967	0
Q_sinkhorn_2	1791010316.582658940	1791010359.475080749	0
Q_reference_9	1791010245.437210578	1791010362.067536690	0
Q_pooled_6	1791010266.558075855	1791010366.947512387	0
Q_mmd_9	1791010331.949917543	1791010368.462065833	0
Q_barycenter_7	1791010294.295023829	1791010397.402091546	0
Q_sinkhorn_5	1791010362.072267075	1791010405.434690655	0
Q_reference_7	1791010308.188908610	1791010430.449945860	0
Q_mmd_6	1791010397.405233323	1791010435.115620502	0
Q_discriminator_2	1791010405.438262584	1791010440.260858261	0
Q_reference_0	1791010326.844740390	1791010444.899931193	0
Q_barycenter_3	1791010345.903159389	1791010448.381500413	0
Q_barycenter_0	1791010359.478426608	1791010461.924729060	0
Q_sinkhorn_6	1791010430.453518388	1791010470.360013527	0
Q_reference_1	1791010366.950676370	1791010482.373842191	0
Q_reference_2	1791010368.465284078	1791010494.700534610	0
Q_pooled_8	1791010440.264108191	1791010506.606433880	0
Q_pooled_9	1791010444.903552807	1791010508.492193698	0
Q_barycenter_6	1791010435.119688450	1791010511.251251814	0
