metric,mean_diff,mean_abs_diff,max_abs_diff,local_sd_over_all_latents
PCR_batch,0.006627232876525196,0.01472525215569964,0.11973985151409283,0.17328426497832233
ASW_label/batch,0.0004633881121406513,0.003109800711838662,0.014791797672360385,0.02495618228167335
iLISI,-0.0012502634297113706,0.0032378875552937225,0.01085288519461522,0.040508937009361756
graph_conn,0.002572053132586091,0.012834173475803087,0.05722021773342523,0.026194788932765414
kBET,-0.0021072278916771736,0.005796847626906387,0.020970798771850985,0.02370407111760866
NMI_cluster/label,-0.0028626908897169574,0.010584277307735177,0.038232922356833066,0.04355904884967019
ARI_cluster/label,0.0004910518029634919,0.038521215472435824,0.1610742808533045,0.09933289413543563
ASW_label,0.000324347192872664,0.0030669016796309742,0.020066076889634132,0.035614623461524185
isolated_label_F1,-0.0037488935942897247,0.02070319183611363,0.08416317694866715,0.039254622728106765
isolated_label_silhouette,0.0013468526478845888,0.004005627221431496,0.04900434333831072,0.042015886088863676
cLISI,2.1256885306894513e-05,0.00029063483119591213,0.0015566331061438454,0.0017370276139629754
cell_cycle_conservation,-0.0019356523104245025,0.018678063975201505,0.1204687990434179,0.09771852063792064
trajectory,0.006879474292846266,0.014020572678663615,0.37669736020310207,0.07315980489962118
batch_mean,0.0012610365599726855,0.005383429351660811,0.0334854009569554,0.04414262927629506
bio_mean,6.446825343033903e-05,0.008796237953705195,0.055536836944305,0.036708539893898585
