tag,host_fit,host_score,NMI_cluster/label,ARI_cluster/label,ASW_label,ASW_label/batch,PCR_batch,cell_cycle_conservation,isolated_label_F1,isolated_label_silhouette,graph_conn,kBET,iLISI,cLISI,hvg_overlap,trajectory,score_seconds
L_Q_sinkhorn_9,local,local,0.6652474643354399,0.361886285233546,0.5925549492239952,0.8254997580786023,0.7366936298252482,0.8026692053183518,0.8266014869218858,0.6608399581164122,0.9070963616040792,0.1417238099981204,0.0865031542737376,0.998652210445915,,0.8487732717818939,748.3
L_Q_sinkhorn_8,local,local,0.771306931733587,0.6069628447893024,0.604490764439106,0.8559045704000725,0.936084721581029,0.8811749484206498,0.8739595730876137,0.640916601754725,0.9766230486615586,0.1808404710151828,0.209883764023191,0.9953209131165168,,0.8511144350636953,1100.3
L_Q_sinkhorn_4,local,local,0.7787994414564148,0.6153532556116255,0.6018580198287964,0.853665185720526,0.9482536360439832,0.8471439535852898,0.849983288038425,0.6317892495426349,0.9853605620260402,0.1764923746535838,0.1993781592232235,0.9967159147472086,,0.8454993563790127,933.9
L_Q_reference_3,local,local,0.6920394011362911,0.4284379072211817,0.5931003093719482,0.8360766173772285,0.8758190131840763,0.8106016605565898,0.8037812840767347,0.6322390434215777,0.9448108151043904,0.1442575732365951,0.1123145342267649,0.9977100492732848,,0.8406034408436437,788.1
L_Q_reference_5,local,local,0.7024898717752296,0.4266426409806948,0.5846229568123817,0.8243407445841007,0.84902232235798,0.705858369462724,0.8248190323964266,0.6711340025067329,0.934087425516739,0.156916750368139,0.1140626295363136,0.998427629129658,,0.8526168449848106,760.2
L_Q_none_0,local,local,0.6884849580921008,0.4647448832853784,0.6159564554691315,0.8388268858182125,0.7782432146067676,0.6706742105683754,0.8121351349135223,0.6550103779882193,0.9287573190674724,0.1529829000540783,0.0956380631383496,0.9982587873109322,,0.8666601094294095,986.9
L_Q_sinkhorn_3,local,local,0.6711181228982359,0.3581253085505803,0.5909890681505203,0.8229663381494333,0.737985523112051,0.8206149779100473,0.826093607665568,0.6571850702166557,0.9110142089758356,0.1268140716507353,0.0880407528518641,0.998136147005219,,0.8673778054166469,906.0
L_Q_pooled_0,local,local,0.7626448255161724,0.6179052752073311,0.6028870195150375,0.86038873498204,0.9672336951885392,0.8175834738128674,0.8392283204972484,0.6373649705201387,0.9840200579881556,0.1899998910552471,0.1641556953191701,0.9967407904149188,,0.8471231899230476,1041.5
L_Q_mmd_1,local,local,0.6658427131652243,0.3589188498010086,0.5979908257722855,0.8061649137559832,0.7061495823470243,0.6502846930091146,0.8152265583799883,0.6537924632430077,0.9329802545705316,0.1295094934496057,0.0811670856157781,0.99834338599397,,0.8643160173417195,1032.5
L_Q_sinkhorn_7,local,local,0.6833256140637454,0.3583135214534431,0.5972759947180748,0.8244813346777538,0.7325795123784005,0.812848185570618,0.8305804039737907,0.6504950216040015,0.9241800533957564,0.1191802242398882,0.0885437772569617,0.9987518287675524,,0.8534761749074071,988.3
L_Q_none_1,local,local,0.7388152641683405,0.623384001834556,0.6052577570080757,0.8388023309089405,0.7745687727815255,0.6889686012820658,0.7876435425708967,0.6481625875458121,0.9108838150536702,0.1625873049334829,0.1112589487433597,0.997869737800118,,0.8753363393004613,806.5
L_Q_discriminator_3,local,local,0.6457635438720732,0.4010933890046321,0.5443394146859646,0.812601351292692,0.190976021197169,0.7759515171041038,0.7772325768997221,0.5992719765927177,0.90492811780191,0.1895600904371239,0.1239335229732843,0.9929745802624296,,0.8674593466115683,814.5
L_Q_discriminator_5,local,local,0.7091986980962588,0.5660241565013446,0.5425491146743298,0.8062431176783029,0.5100663127809136,0.8290698677295788,0.7661901965182778,0.620513218738779,0.9630365512973496,0.1647612205990442,0.1213150445277466,0.9954828139146376,,0.8628844956577255,771.3
L_Q_discriminator_7,local,local,0.666621904425381,0.4357377585034289,0.4787888526916504,0.7872583850633135,0.4086461418127103,0.5734511554464314,0.8410564641557676,0.5773445288650692,0.9575985312185906,0.2081332294302879,0.1321075772863665,0.995005877246184,,0.6559636699534801,768.3
L_Q_pooled_2,local,local,0.7541283829537051,0.558118577375097,0.6038529351353645,0.8606341455228697,0.9685600657072204,0.8201435794596655,0.8334607268157852,0.6258146911859512,0.9837846474547484,0.1702853220361759,0.1613087773661514,0.9965427128618006,,0.854911288665404,821.4
L_Q_pooled_5,local,local,0.7021578489612986,0.4065201309124701,0.6073412373661995,0.8344460452316245,0.8571650952615477,0.7476569541821694,0.8429673056518234,0.6573934704065323,0.91697289281147,0.1406937650982317,0.104997069210768,0.9989601019942276,,0.8545972180955608,648.9
L_Q_mmd_2,local,local,0.7063388190969279,0.5309775238068727,0.6030491814017296,0.8326179713074829,0.8039957371505405,0.5552144714258784,0.820386268432764,0.6514506218954921,0.909295005534305,0.159226210862136,0.1176648529702584,0.9958423080197084,,0.8650226551804145,661.7
L_Q_barycenter_9,local,local,0.6238909942466975,0.3654793230182021,0.5128147173672915,0.8136419828619417,0.9193156564800826,0.6250848146309842,0.7700330174475987,0.5799441393464804,0.955017719008434,0.1789081776191556,0.1057338416207196,0.9968495519186004,,0.8767628411705211,584.6
L_Q_discriminator_0,local,local,0.741901704742587,0.5368924568273445,0.5458996221423149,0.7991445439173158,0.490216244543862,0.7224469948956116,0.7889438566065179,0.5736103253439069,0.9527113605091604,0.1979559860362094,0.1953857236882011,0.996540935019075,,0.8932106622879012,676.5
L_Q_barycenter_5,local,local,0.6450503564209865,0.4205823344419012,0.5378073193132877,0.820535233310598,0.9026591567990736,0.4906674710505685,0.7279371387952476,0.5167125333100557,0.9557480113965592,0.1734432935550036,0.1079805253100323,0.996582168993096,,0.4818438023211917,694.8
L_Q_discriminator_1,local,local,0.6927602494155753,0.5298841518771085,0.538961187005043,0.8134833775814475,0.4134093494050897,0.7534157931877148,0.7829205569249772,0.5871554939076304,0.9361146415192636,0.1786312718077374,0.1216908760303886,0.9921963475659986,,0.8743051048522148,660.6
L_Q_pooled_4,local,local,0.7773151042637337,0.6156130724884078,0.5982207804918289,0.8697892633076922,0.972051907291656,0.7127479583498078,0.8343802529798826,0.6131945988163352,0.9628218216253804,0.1698950225832104,0.1453465318922168,0.9958261465372906,,0.8492839587285238,766.2
L_Q_pooled_1,local,local,0.7247089284426758,0.5584186948869585,0.5980164855718613,0.8455734243847842,0.8849949512957762,0.8294725423755807,0.8260212464273811,0.6253173283184879,0.9183631338604604,0.1608312640256357,0.1116372055142044,0.99777645900727,,0.8533231748084524,688.7
L_Q_mmd_4,local,local,0.761529368107932,0.5959197520063901,0.6150101199746132,0.8479463311848394,0.788226215665644,0.65577118544814,0.807448575542469,0.6423608020413667,0.9592427513370844,0.1546099578738182,0.1334135298315019,0.9986013671818909,,0.8671450549681177,662.3
L_Q_mmd_5,local,local,0.6606730962515796,0.3470496031550408,0.5922211781144142,0.8036005241050406,0.6917657036741928,0.5632061758818355,0.7860270824223438,0.6539172604680061,0.912861054673199,0.1507642155970356,0.0798494601855144,0.9979741142192882,,0.8678826164118167,576.3
L_Q_mmd_7,local,local,0.6711946563683003,0.4222327969854551,0.5955258160829544,0.8072538944830822,0.7303049169226683,0.7032923487233618,0.7312298494985309,0.6633620299398899,0.919816479594705,0.1175111507836577,0.0742886739884532,0.9981038887206588,,0.8708089725363322,679.9
L_Q_pooled_7,local,local,0.6770104945586609,0.426992317732552,0.5859758108854294,0.8367959132139321,0.8590158438249313,0.7078702687535986,0.8245194285719921,0.6397119397297502,0.9178954903156904,0.1491383639342609,0.0963363989545552,0.9981972966059676,,0.8573439388087448,656.8
L_Q_sinkhorn_0,local,local,0.7720255377677778,0.6073421593543813,0.5982141345739365,0.8561798757726727,0.9372710139345632,0.7676125020039734,0.7487644884066561,0.6436072662472725,0.9724510653145968,0.1754508117560239,0.2144837575281909,0.9958190961397329,,0.8596241724537718,705.3
L_Q_scvi_adv_1,local,local,0.7212707639600343,0.531255729785889,0.6107878610491753,0.8371819929172768,0.7829461073726064,0.7226352037024465,0.8060095775623126,0.6423083497211337,0.949038396256224,0.1495080164297548,0.1260792324892951,0.998459577766242,,0.8692729837427642,656.2
L_Q_mmd_0,local,local,0.7195953662720226,0.5379511972990141,0.6180660575628281,0.845113432319977,0.8281056099618465,0.6458998018219033,0.8264625561872865,0.6508159535005689,0.9498003890300912,0.1588908203484578,0.1203572536935823,0.9981756553472828,,0.8706073936750884,642.1
L_Q_scvi_adv_0,local,local,0.7503911887993148,0.6615557680233215,0.6199480220675468,0.8398658972871964,0.7576641201115677,0.7695503048634352,0.7969023755748155,0.661802981980145,0.9213305439067484,0.1412584796282535,0.1168423277660169,0.9983939486064785,,0.8752813204811569,670.1
L_Q_barycenter_4,local,local,0.663367373332788,0.4282156788587691,0.4933941564522683,0.7930350158093677,0.9861085605622906,0.4604400588302944,0.7269705156915705,0.5359823270700872,0.9689937486041056,0.1970665695842213,0.1832664245116131,0.99294695024455,,0.8629622702543545,674.8
L_Q_reference_6,local,local,0.7492510371742335,0.5944005210415915,0.5986076220870018,0.8666813981102879,0.972764059569348,0.697471094085554,0.7524650356481468,0.6151774836907862,0.98178731098809,0.1468897992579712,0.1361568668456093,0.9973070536892232,,0.8725225615535825,680.9
L_Q_barycenter_1,local,local,0.6350143224155465,0.3613080461790893,0.5084382807835937,0.8098365288478943,0.90920442534548,0.6373076570064371,0.8016733948163635,0.5582905123010278,0.9600010508826464,0.1917597166445057,0.1116505996331922,0.9942368616538444,,0.8940389862713916,593.1
L_Q_sinkhorn_1,local,local,0.6806572539350445,0.4266817715803366,0.5977589935064316,0.8191109204823508,0.720978854685968,0.711521307302764,0.8108228376936629,0.6437534196302295,0.908189958981126,0.1343457444183905,0.0880406839440706,0.9984297588689278,,0.8633637672538412,621.8
L_Q_discriminator_4,local,local,0.7392673946556811,0.5377394083265588,0.5510670393705368,0.7955578688396152,0.5250104761324746,0.6182862869670219,0.7387918921917365,0.5717130769044161,0.93183895974634,0.1856405819432677,0.1929612098541714,0.9958445439794884,,0.872529249490367,681.0
L_Q_pooled_3,local,local,0.743705207021895,0.5766440751379549,0.6041391044855118,0.8489085977408325,0.9038174299102176,0.7677153779432023,0.8267546230646143,0.653388412669301,0.9401790755418036,0.1683471947680552,0.1123779257861206,0.9982381437727288,,0.8566861161850027,659.9
L_Q_barycenter_2,local,local,0.6912167563378651,0.4965995207678187,0.5213833563029766,0.7773038891893119,0.985817309882406,0.5980083338782853,0.7946642025655778,0.583339782897383,0.9639314968062432,0.1604177145249652,0.1730810652713178,0.9957909643238116,,0.8728820417476746,654.3
L_Q_discriminator_9,local,local,0.6834267991927724,0.4758655838510694,0.5168119873851538,0.7865868822337158,0.315994582749676,0.8510971034151462,0.7543632439995192,0.5686393100768328,0.9089551372047262,0.1830036361242097,0.1391558736358183,0.9946602566175046,,0.8647860852659366,610.0
L_Q_reference_8,local,local,0.736523011754824,0.5388864696818549,0.5975453481078148,0.8614755212610343,0.9711162394930142,0.7473668552047067,0.8383346131396991,0.5984577042981982,0.9625864812506169,0.140190488130581,0.1395572229215299,0.9972562867383598,,0.8536386752124463,661.8
L_Q_reference_4,local,local,0.7535027901644441,0.596075755396165,0.5864846929907799,0.8590231673194336,0.9659060518474528,0.7166340310990715,0.7909819852439319,0.6013304051011801,0.9600639661445404,0.162841404911739,0.1488126325618669,0.9960020683838092,,0.848218523642283,687.7
L_Q_barycenter_8,local,local,0.6592470973188733,0.4385976762081772,0.5115417819470167,0.7559684749541565,0.9743993183762591,0.5870872156766743,0.7831629814895391,0.4410699941217899,0.9583658196758246,0.1485646536461218,0.1691899692683974,0.9946123681863333,,0.497551060394805,686.8
L_Q_reference_9,local,local,0.715164737758933,0.5427328494768339,0.5951322689652443,0.8403964947594315,0.8440596149612839,0.7738707833744533,0.8114861692833087,0.6506139594130218,0.9203929280455704,0.1433443461633856,0.1032622062042356,0.9986804837719746,,0.8598811514151188,628.0
L_Q_discriminator_6,local,local,0.7385436987029416,0.5952461362154726,0.5422173552215099,0.8004012013955824,0.6526561227533724,0.480354919763715,0.7950667055481395,0.6013624416664243,0.9786926198701938,0.2277398184003627,0.2213855205467644,0.9953816803342832,,0.8672366681079448,665.3
L_Q_pooled_6,local,local,0.7652475500531126,0.605675044902336,0.5981845185160637,0.8668978419458058,0.977262694532322,0.7719495881894557,0.8342049932317079,0.6259794287616387,0.9685675972647312,0.1695019179606322,0.1506519542122936,0.9963886566770964,,0.8527626776158022,659.1
L_Q_mmd_8,local,local,0.7198130639551077,0.5418330259052618,0.6180621460080147,0.8407418498326151,0.8065762842147804,0.6307404286299007,0.8508668558730017,0.6355460766353644,0.919298030735908,0.158931390567842,0.1300827638015581,0.9982101185839768,,0.8676562956315544,667.2
L_Q_discriminator_8,local,local,0.7908591308336973,0.7509016956100553,0.5823767334222794,0.8215009230649504,0.7490106774113011,0.5745661725728068,0.8014300834300835,0.5851212274283171,0.9656780997463836,0.1865602687116293,0.1806251515050504,0.9962309740579622,,0.8732142259901956,741.9
L_Q_barycenter_7,local,local,0.6542258575796058,0.3720860643432612,0.5432885438203812,0.8318408221509449,0.8356641639257751,0.5943422934839301,0.6928158278592815,0.5764770619571209,0.9553994750918996,0.176546442061783,0.105784668763013,0.9951122960634488,,0.6972290599129831,612.4
L_Q_mmd_3,local,local,0.6559866274716991,0.3456454760673207,0.593596912920475,0.8024774364728737,0.7129115090593349,0.6578758571867489,0.8285908334665589,0.6683861445635557,0.914893070367202,0.1295505174151683,0.0820063796267237,0.9975322590016112,,0.8599522159164066,561.9
L_Q_reference_7,local,local,0.692890905335961,0.423566938126655,0.578772097826004,0.8338446592186877,0.8515722181144084,0.7515982775237161,0.7684887929340811,0.6294850767590106,0.9186776094151728,0.1511070994500585,0.1034638538152147,0.9974204883957056,,0.8546985304880178,631.8
L_Q_sinkhorn_2,local,local,0.755432912748867,0.601994107374679,0.5941584408283234,0.856368462230468,0.949230772205772,0.825418643221183,0.8320838005275282,0.6154557345435023,0.9614501222164512,0.1800848638131994,0.2167429546304254,0.9953861659802884,,0.8579602158292163,719.5
L_Q_reference_0,local,local,0.7605455323876448,0.606312242925816,0.593471996486187,0.8671959617455749,0.9594047240485728,0.7490509722645918,0.8312427162511657,0.6281408979557455,0.9822956471445342,0.1454695705021497,0.1518544285963781,0.9955159567494026,,0.833861677590791,682.9
L_Q_mmd_9,local,local,0.6581327136514342,0.3447318172329207,0.5981982499361038,0.8091431398038392,0.7142428670793527,0.6209743758964341,0.8409764907365478,0.6556127369403839,0.9078397451685234,0.1329047694514584,0.0734386671559825,0.9987740364171168,,0.8650103591780594,610.5
L_Q_barycenter_3,local,local,0.6452660051874956,0.4250272653526905,0.5324417315423489,0.8137802839261343,0.8399706765841671,0.6116914316864916,0.7323526807792512,0.5860679177567363,0.9444045674130496,0.1695116818384792,0.1022680461499184,0.9922210789397512,,0.7863648308119643,586.6
L_Q_barycenter_0,local,local,0.6620948435106608,0.4187883909493569,0.4982061750488356,0.8092922373145879,0.9853870309177802,0.6265919368893745,0.6996724360963485,0.5712319165468216,0.9784851504497444,0.2125334283055759,0.1799242193851296,0.993181222364869,,0.843367182068447,589.5
L_Q_sinkhorn_5,local,local,0.6678566487691384,0.4255883289552542,0.593097910284996,0.8185059813371918,0.7501411023718692,0.8311810894956807,0.8461438563217513,0.6744029112160206,0.9191549942073304,0.1213458905327526,0.0870098463049115,0.9985378830505606,,0.8538537571006467,585.7
L_Q_reference_1,local,local,0.7149790106280722,0.5540992432534643,0.5848894640803337,0.8358696654176984,0.8601220090759275,0.7591184632638047,0.8349050739198777,0.6373543543741107,0.9240148048144772,0.1536977532288503,0.1236335715828314,0.9967464494560366,,0.8493617034242291,647.5
L_Q_reference_2,local,local,0.7504001366099998,0.5932948900644539,0.5962671414017677,0.8607462618097217,0.9730912129595444,0.7140203824335585,0.8214573569924437,0.6263099247589707,0.9860737069364592,0.1595131801044041,0.1446271967077286,0.9962111953694556,,0.8537464421641354,663.3
L_Q_mmd_6,local,local,0.7146584792216097,0.5297976092200786,0.6052074059844017,0.8462926353191269,0.8071069848318322,0.621402007002313,0.8294507683259889,0.6653039064258337,0.9204899165638376,0.1353079619443531,0.1197347035948798,0.9976918274185672,,0.8745105046472157,618.6
L_Q_discriminator_2,local,local,0.7621319518537283,0.6048345915541214,0.5763558000326157,0.8257143110040449,0.7671164608440477,0.674179421732635,0.8065643620183288,0.5788109432905912,0.9582707569433346,0.159458317792591,0.2069497086203691,0.9945695445429654,,0.8742926172480758,741.4
L_Q_sinkhorn_6,local,local,0.7626357623605122,0.608567346751601,0.6029946655035019,0.855855360383563,0.9477278512097086,0.7560163417930135,0.8386602146458436,0.6353181512095034,0.9841699266919446,0.1724173842491239,0.2053366010678704,0.9963677320269478,,0.860696603126651,691.6
L_Q_barycenter_6,local,local,0.7299643488472077,0.6139950284381849,0.5681081563234329,0.8312509898830587,0.9701619202336694,0.6902253023179344,0.8181598861419119,0.5879593268036842,0.9837293397189736,0.1951095642798803,0.1663460492772717,0.9953852964843884,,0.8565305684765688,605.8
L_Q_pooled_8,local,local,0.763244835297709,0.6005589174790084,0.6008032187819481,0.8616759035230326,0.9735881495603972,0.7989171459763413,0.8299283226853671,0.6027232920750976,0.9759191003293656,0.1875714929383276,0.148692563342213,0.9966969067957084,,0.8481860916478041,694.2
L_Q_pooled_9,local,local,0.7010275421033908,0.4406420278790305,0.6093116700649261,0.8419501703144406,0.8760374792118776,0.7892500325584499,0.8424589972073815,0.6367027062224224,0.923230521625934,0.1338875215091639,0.0950210680383079,0.998557530544792,,0.8564709609979009,568.1
