metric,n,all_nan,max_abs_diff,status
ARI_cluster/label,2,False,0.0,ok
ASW_label,2,False,0.0,ok
ASW_label/batch,2,False,0.0,ok
NMI_cluster/label,2,False,1.1102230246251565e-16,ok
PCR_batch,2,False,1.2766318036039337e-07,ok
cLISI,2,False,0.0001548541587141905,exceeds tol
cell_cycle_conservation,2,False,5.686305213359333e-07,ok
graph_conn,2,False,0.0,ok
hvg_overlap,0,True,,NaN on both (not computed)
iLISI,2,False,0.0019603427027858056,exceeds tol
isolated_label_F1,2,False,0.0,ok
isolated_label_silhouette,2,False,0.0,ok
kBET,2,False,0.0035772587474200146,exceeds tol
trajectory,2,False,0.0,ok
