queue_wait_days,gpus,constraint,wall_days,jhpce,local,local_busy_days,jhpce_busy_days,jhpce_job_starts
0.0,1,free,12.69,atac_small immune_hum_mou sim1 sim2,atac_large immune lung pancreas,12.37,11.69,6
0.0,1,A1_tasks_local,14.84,atac_large lung pancreas sim2,atac_small immune immune_hum_mou sim1,13.91,10.15,4
0.0,2,free,8.21,atac_small immune immune_hum_mou lung sim2,atac_large pancreas sim1,7.61,8.25,10
0.0,2,A1_tasks_local,11.16,atac_large immune_hum_mou lung pancreas sim2,atac_small immune sim1,10.51,6.79,6
0.0,3,free,6.09,atac_large atac_small immune lung pancreas sim2,immune_hum_mou sim1,5.94,6.08,15
0.0,3,A1_tasks_local,10.51,atac_large immune_hum_mou lung pancreas sim2,atac_small immune sim1,10.51,4.54,9
0.0,4,free,5.2,atac_large atac_small immune lung pancreas sim1 sim2,immune_hum_mou,3.44,5.2,16
0.0,4,A1_tasks_local,10.51,atac_large immune_hum_mou lung pancreas sim2,atac_small immune sim1,10.51,3.41,8
0.5,1,free,13.99,immune immune_hum_mou lung,atac_large atac_small pancreas sim1 sim2,13.38,13.69,6
0.5,1,A1_tasks_local,15.42,immune_hum_mou lung sim2,atac_large atac_small immune pancreas sim1,15.59,10.47,4
0.5,2,free,10.06,atac_small immune_hum_mou lung sim1 sim2,atac_large immune pancreas,10.06,9.52,10
0.5,2,A1_tasks_local,12.66,atac_large immune_hum_mou lung pancreas sim2,atac_small immune sim1,10.51,8.29,6
0.5,3,free,8.43,atac_small immune immune_hum_mou lung sim2,atac_large pancreas sim1,7.61,8.02,15
0.5,3,A1_tasks_local,10.49,atac_large immune_hum_mou lung pancreas sim2,atac_small immune sim1,10.51,6.04,9
0.5,4,free,6.61,atac_large immune immune_hum_mou lung pancreas sim1,atac_small sim2,5.78,6.61,20
0.5,4,A1_tasks_local,10.51,atac_large immune_hum_mou lung pancreas sim2,atac_small immune sim1,10.51,4.41,8
1.0,1,free,15.39,immune_hum_mou sim1 sim2,atac_large atac_small immune lung pancreas,15.39,12.67,5
1.0,1,A1_tasks_local,16.07,lung pancreas sim2,atac_large atac_small immune immune_hum_mou sim1,15.98,11.09,5
1.0,2,free,11.68,atac_large atac_small lung pancreas sim1,immune immune_hum_mou sim2,11.12,11.49,10
1.0,2,A1_tasks_local,13.25,atac_large immune_hum_mou lung pancreas,atac_small immune sim1 sim2,13.25,8.41,6
1.0,3,free,10.25,immune immune_hum_mou lung pancreas sim1,atac_large atac_small sim2,7.85,9.44,15
1.0,3,A1_tasks_local,11.99,atac_large immune_hum_mou lung pancreas sim2,atac_small immune sim1,10.51,7.54,9
1.0,4,free,8.44,atac_large immune lung pancreas sim1 sim2,atac_small immune_hum_mou,6.46,8.44,20
1.0,4,A1_tasks_local,10.53,atac_large immune_hum_mou lung pancreas sim2,atac_small immune sim1,10.51,5.41,12
2.0,1,free,16.45,atac_large pancreas sim1,atac_small immune immune_hum_mou lung sim2,16.45,15.61,7
2.0,1,A1_tasks_local,17.74,atac_large lung pancreas,atac_small immune immune_hum_mou sim1 sim2,16.65,13.41,6
2.0,2,free,13.94,atac_large pancreas sim1 sim2,atac_small immune immune_hum_mou lung,13.71,13.2,12
2.0,2,A1_tasks_local,15.52,atac_large lung pancreas sim2,atac_small immune immune_hum_mou sim1,13.91,11.09,10
2.0,3,free,11.42,atac_large immune_hum_mou lung pancreas sim1,atac_small immune sim2,10.75,10.46,12
2.0,3,A1_tasks_local,13.53,atac_large immune_hum_mou lung sim2,atac_small immune pancreas sim1,13.53,7.53,9
2.0,4,free,11.02,atac_large immune_hum_mou lung sim1 sim2,atac_small immune pancreas,11.02,9.29,16
2.0,4,A1_tasks_local,11.91,atac_large immune_hum_mou lung pancreas sim2,atac_small immune sim1,10.51,7.41,12
