tag,arm,cond,seed,bitwise_equal,r_min,r_median,r_mean,max_abs_dz,rel_frobenius,knn_overlap_mean,knn_overlap_p05,gpu_local,gpu_remote,torch_local,torch_remote,fit_s_local,fit_s_remote
Q_sinkhorn_9,sinkhorn,0,9,False,0.9197378681488718,0.9507817482068901,0.9473733746282648,1.0871501713991165,0.4466041078909153,0.416389104439006,0.13333333333333333,NVIDIA GeForce RTX 3080,NVIDIA A100 80GB PCIe,2.13.0+cu130,2.13.0+cu126,31.1,52.7
Q_sinkhorn_8,sinkhorn,1,8,False,0.8112842264433943,0.9645152011999778,0.9399734530688072,0.991675853729248,0.3436891929157818,0.3861736206450586,0.13333333333333333,NVIDIA GeForce RTX 3080,NVIDIA A100 80GB PCIe,2.13.0+cu130,2.13.0+cu126,31.0,52.9
Q_sinkhorn_4,sinkhorn,1,4,False,0.9298041407144975,0.9518239552867017,0.9561071871151465,0.941123902797699,0.3951006849945745,0.39765614118864284,0.13333333333333333,NVIDIA GeForce RTX 3080,NVIDIA A100 80GB PCIe,2.13.0+cu130,2.13.0+cu126,30.8,52.5
Q_reference_3,reference,0,3,False,0.972015805505381,0.9926124415909503,0.9900076935897897,4.217440605163574,0.15273045530279503,0.5870530651226645,0.3333333333333333,NVIDIA GeForce RTX 3080,NVIDIA A100 80GB PCIe,2.13.0+cu130,2.13.0+cu126,70.2,123.8
Q_reference_5,reference,0,5,False,0.9738074201550713,0.9942413590279116,0.9921202347754294,2.5759432315826416,0.14389437218732298,0.5975447183589009,0.3333333333333333,NVIDIA GeForce RTX 3080,NVIDIA A100 80GB PCIe,2.13.0+cu130,2.13.0+cu126,70.1,123.7
Q_none_0,none,1,0,False,0.9946992360604117,0.9976787187656853,0.9977148008167929,3.346874713897705,0.05425139618548653,0.7615810103663025,0.5333333333333333,NVIDIA GeForce RTX 3080,NVIDIA A100 80GB PCIe,2.13.0+cu130,2.13.0+cu126,19.6,44.7
Q_sinkhorn_3,sinkhorn,0,3,False,0.8176768669047952,0.9252105955301484,0.9281196294094689,0.7075450420379639,0.41941937043214783,0.4078612785769713,0.13333333333333333,NVIDIA GeForce RTX 3080,NVIDIA A100 80GB PCIe,2.13.0+cu130,2.13.0+cu126,30.7,53.0
Q_pooled_0,pooled,1,0,False,0.9744690429270934,0.9896925345743435,0.9880608456247394,2.8550825119018555,0.17657605934566212,0.5684315247020434,0.26666666666666666,NVIDIA GeForce RTX 3080,NVIDIA A100 80GB PCIe,2.13.0+cu130,2.13.0+cu126,64.8,105.1
Q_mmd_1,mmd,0,1,False,0.9977041871346389,0.9987344001251307,0.9987437278264016,2.0647668838500977,0.04497266299570387,0.8089038779124137,0.6,NVIDIA GeForce RTX 3080,NVIDIA A100 80GB PCIe,2.13.0+cu130,2.13.0+cu126,18.5,26.1
Q_sinkhorn_7,sinkhorn,0,7,False,0.5133625585938919,0.7845816073456237,0.7704325096614741,1.3800139427185059,0.9821400278442882,0.3318967747070176,0.06666666666666667,NVIDIA GeForce RTX 3080,NVIDIA A100 80GB PCIe,2.13.0+cu130,2.13.0+cu126,27.8,35.6
Q_none_1,none,1,1,False,0.9930177768524945,0.9979889139267821,0.9972454807995721,5.721641302108765,0.06286307024493606,0.692821186255198,0.4666666666666667,NVIDIA GeForce RTX 3080,NVIDIA A100 80GB PCIe,2.13.0+cu130,2.13.0+cu126,17.1,28.0
Q_discriminator_3,discriminator,0,3,False,0.9530754866089265,0.9776924289690813,0.9762619336725795,12.015968322753906,0.13926902386536014,0.3077060824926879,0.06666666666666667,NVIDIA GeForce RTX 3080,NVIDIA A100 80GB PCIe,2.13.0+cu130,2.13.0+cu126,20.3,29.0
Q_discriminator_5,discriminator,0,5,False,0.9584360520815828,0.9745180849168655,0.9758409236985622,8.343332767486572,0.14993476052149954,0.38102230446288227,0.06666666666666667,NVIDIA GeForce RTX 3080,NVIDIA A100 80GB PCIe,2.13.0+cu130,2.13.0+cu126,20.0,28.1
Q_discriminator_7,discriminator,0,7,False,0.9203943203963144,0.9763901043814203,0.9723951144963519,6.396796226501465,0.11044836994544348,0.3302692055154301,0.06666666666666667,NVIDIA GeForce RTX 3080,NVIDIA A100 80GB PCIe,2.13.0+cu130,2.13.0+cu126,17.0,20.6
Q_pooled_2,pooled,1,2,False,0.9760440905491824,0.985264269846315,0.9850000639787858,1.9015897512435913,0.39877345840673906,0.5044589028830657,0.2,NVIDIA GeForce RTX 3080,NVIDIA A100 80GB PCIe,2.13.0+cu130,2.13.0+cu126,55.9,90.2
Q_pooled_5,pooled,0,5,False,0.9864370648893448,0.9945110573815462,0.9933299066953463,1.69127357006073,0.09429215836555944,0.6430748721621997,0.4,NVIDIA GeForce RTX 3080,NVIDIA A100 80GB PCIe,2.13.0+cu130,2.13.0+cu126,57.2,90.7
Q_mmd_2,mmd,1,2,False,0.9939633062839003,0.9977344370756807,0.99745099069529,3.821908473968506,0.060066005766615756,0.7048648003342683,0.4666666666666667,NVIDIA GeForce RTX 3080,NVIDIA A100 80GB PCIe,2.13.0+cu130,2.13.0+cu126,19.0,26.4
Q_barycenter_9,barycenter,0,9,False,0.8688854221843008,0.9794042690476461,0.9549573441826906,6.566446304321289,0.1323703733853851,0.3223442567500348,0.06666666666666667,NVIDIA GeForce RTX 3080,NVIDIA A100 80GB PCIe,2.13.0+cu130,2.13.0+cu126,66.1,92.3
Q_discriminator_0,discriminator,1,0,False,0.8482991341380288,0.9581381653744752,0.9387556550141423,6.256681442260742,0.23999621212869582,0.333866571161384,0.06666666666666667,NVIDIA GeForce RTX 3080,NVIDIA A100 80GB PCIe,2.13.0+cu130,2.13.0+cu126,19.1,22.0
Q_barycenter_5,barycenter,0,5,False,0.9402169119260544,0.9561429897231747,0.9600913668872861,5.799510955810547,0.15640137429548515,0.314071111641696,0.06666666666666667,NVIDIA GeForce RTX 3080,NVIDIA A100 80GB PCIe,2.13.0+cu130,2.13.0+cu126,67.5,97.0
Q_discriminator_1,discriminator,0,1,False,0.9861505840040068,0.9898390100681719,0.9901669085437709,8.337484359741211,0.04032571667368152,0.49277542330726837,0.13333333333333333,NVIDIA GeForce RTX 3080,NVIDIA A100 80GB PCIe,2.13.0+cu130,2.13.0+cu126,19.2,25.2
Q_pooled_4,pooled,1,4,False,0.9298717335164776,0.9829873734040697,0.9775835445775447,2.061702787876129,0.5276405635397785,0.5072245766927316,0.2,NVIDIA GeForce RTX 3080,NVIDIA A100 80GB PCIe,2.13.0+cu130,2.13.0+cu126,56.2,91.7
Q_pooled_1,pooled,0,1,False,0.9863901707642059,0.9935734696619511,0.9932308704056358,2.125591278076172,0.12987141182654904,0.6036988400087546,0.3333333333333333,NVIDIA GeForce RTX 3080,NVIDIA A100 80GB PCIe,2.13.0+cu130,2.13.0+cu126,55.8,92.1
Q_mmd_4,mmd,1,4,False,0.9919434455255536,0.9980297173050414,0.997590427017027,2.2896339893341064,0.07175669055324431,0.850774985574723,0.6666666666666666,NVIDIA GeForce RTX 3080,NVIDIA A100 80GB PCIe,2.13.0+cu130,2.13.0+cu126,20.9,29.9
Q_mmd_5,mmd,0,5,False,0.9799765576572138,0.9942169141501926,0.9920427122985673,6.56184720993042,0.14896139923371546,0.6502059332656837,0.4,NVIDIA GeForce RTX 3080,NVIDIA A100 80GB PCIe,2.13.0+cu130,2.13.0+cu126,20.6,27.1
Q_mmd_7,mmd,0,7,False,0.9947786866092924,0.9984776672760627,0.9976221809445093,2.5482289791107178,0.061757576978423365,0.7546250422809845,0.5333333333333333,NVIDIA GeForce RTX 3080,NVIDIA A100 80GB PCIe,2.13.0+cu130,2.13.0+cu126,18.3,24.9
Q_pooled_7,pooled,0,7,False,0.9290442666540438,0.9829629959370354,0.9757857137211952,4.686046123504639,0.2921757513145516,0.4708330846216598,0.2,NVIDIA GeForce RTX 3080,NVIDIA A100 80GB PCIe,2.13.0+cu130,2.13.0+cu126,56.4,89.0
Q_sinkhorn_0,sinkhorn,1,0,False,0.8979925037481123,0.9683706436599565,0.9636254546898357,0.9548400640487671,0.27019592594989733,0.45707833422869537,0.2,NVIDIA GeForce RTX 3080,NVIDIA A100 80GB PCIe,2.13.0+cu130,2.13.0+cu126,26.3,32.9
Q_scvi_adv_1,scvi_adv,1,1,False,0.9940672400413242,0.9982181437953606,0.9979754709079789,2.1639368534088135,0.05280140422383897,0.7383055771105672,0.5333333333333333,NVIDIA GeForce RTX 3080,NVIDIA A100 80GB PCIe,2.13.0+cu130,2.13.0+cu126,17.6,26.1
Q_mmd_0,mmd,1,0,False,0.9938207121587086,0.9978427593879633,0.9971895576484178,3.7242018580436707,0.06898066421786848,0.7189657573767881,0.4666666666666667,NVIDIA GeForce RTX 3080,NVIDIA A100 80GB PCIe,2.13.0+cu130,2.13.0+cu126,18.8,28.4
Q_scvi_adv_0,scvi_adv,1,0,False,0.9935221976619958,0.9970941515148288,0.9970489594945272,4.351479351520538,0.07172102812246424,0.6881434170994251,0.4666666666666667,NVIDIA GeForce RTX 3080,NVIDIA A100 80GB PCIe,2.13.0+cu130,2.13.0+cu126,16.5,22.5
Q_barycenter_4,barycenter,1,4,False,0.974813255285088,0.9788275564236328,0.9805413099318224,5.1546630859375,0.07965232083861433,0.3302672158220418,0.06666666666666667,NVIDIA GeForce RTX 3080,NVIDIA A100 80GB PCIe,2.13.0+cu130,2.13.0+cu126,67.5,94.5
Q_reference_6,reference,1,6,False,0.9714887752726225,0.9861966442659427,0.9858723285781013,2.909884810447693,0.29938045759021575,0.5397481048170476,0.26666666666666666,NVIDIA GeForce RTX 3080,NVIDIA A100 80GB PCIe,2.13.0+cu130,2.13.0+cu126,65.0,110.0
Q_barycenter_1,barycenter,0,1,False,0.9721231926348911,0.9835708871229805,0.9820214068978798,5.641801834106445,0.053260684914868045,0.3683181121789133,0.06666666666666667,NVIDIA GeForce RTX 3080,NVIDIA A100 80GB PCIe,2.13.0+cu130,2.13.0+cu126,67.5,96.9
Q_sinkhorn_1,sinkhorn,0,1,False,0.846723141692622,0.9780805115443449,0.9505246507984427,1.1412567496299744,0.3042265589181229,0.4574126027179211,0.2,NVIDIA GeForce RTX 3080,NVIDIA A100 80GB PCIe,2.13.0+cu130,2.13.0+cu126,28.0,33.9
Q_discriminator_4,discriminator,1,4,False,0.9360502735367239,0.982721588672295,0.9746116455556582,3.6121420860290527,0.08239810946847255,0.41216100598897715,0.13333333333333333,NVIDIA GeForce RTX 3080,NVIDIA A100 80GB PCIe,2.13.0+cu130,2.13.0+cu126,20.2,28.3
Q_pooled_3,pooled,0,3,False,0.974646712160681,0.9930449412257732,0.9893206139456284,2.4080164432525635,0.15600129807130758,0.5969517897292027,0.3333333333333333,NVIDIA GeForce RTX 3080,NVIDIA A100 80GB PCIe,2.13.0+cu130,2.13.0+cu126,56.8,93.7
Q_barycenter_2,barycenter,1,2,False,0.9656886819279278,0.9812891057353847,0.9813903294130952,3.0477490425109863,0.12284646879784407,0.4048230167731153,0.13333333333333333,NVIDIA GeForce RTX 3080,NVIDIA A100 80GB PCIe,2.13.0+cu130,2.13.0+cu126,67.1,94.9
Q_discriminator_9,discriminator,0,9,False,0.9555674934485717,0.966227611711036,0.9672702017150543,10.998783111572266,0.1013985167938987,0.37644203028313333,0.06666666666666667,NVIDIA GeForce RTX 3080,NVIDIA A100 80GB PCIe,2.13.0+cu130,2.13.0+cu126,19.4,24.9
Q_reference_8,reference,1,8,False,0.9500325760005915,0.9877610019454044,0.9850250216694842,2.9700164794921875,0.15257229208328735,0.5181579418611593,0.26666666666666666,NVIDIA GeForce RTX 3080,NVIDIA A100 80GB PCIe,2.13.0+cu130,2.13.0+cu126,65.0,107.0
Q_reference_4,reference,1,4,False,0.9791248944446702,0.9867761546671105,0.986620803896923,1.6658269166946411,0.13090582267417578,0.509154579279333,0.2,NVIDIA GeForce RTX 3080,NVIDIA A100 80GB PCIe,2.13.0+cu130,2.13.0+cu126,64.7,104.9
Q_barycenter_8,barycenter,1,8,False,0.8703748161773243,0.9424976705523717,0.9420321301415491,8.108434677124023,0.1786280789490908,0.20454644939214872,0.0,NVIDIA GeForce RTX 3080,NVIDIA A100 80GB PCIe,2.13.0+cu130,2.13.0+cu126,67.5,91.1
Q_reference_9,reference,0,9,False,0.9714988648803429,0.9904401676370763,0.9881424880016395,1.4609045907855034,0.17529424397099688,0.5622992896794604,0.26666666666666666,NVIDIA GeForce RTX 3080,NVIDIA A100 80GB PCIe,2.13.0+cu130,2.13.0+cu126,64.8,107.1
Q_discriminator_6,discriminator,1,6,False,0.9766123969182307,0.9883116479987746,0.9882057406268903,3.042355537414551,0.07711421850340448,0.39846793609104836,0.13333333333333333,NVIDIA GeForce RTX 3080,NVIDIA A100 80GB PCIe,2.13.0+cu130,2.13.0+cu126,18.7,23.3
Q_pooled_6,pooled,1,6,False,0.956138022750635,0.9924478430801993,0.9844970079852523,2.0491973161697388,0.301835081695752,0.5576613143914523,0.26666666666666666,NVIDIA GeForce RTX 3080,NVIDIA A100 80GB PCIe,2.13.0+cu130,2.13.0+cu126,58.0,90.0
Q_mmd_8,mmd,1,8,False,0.9913055437553535,0.99687881618495,0.9965599057922899,3.0113285183906555,0.06891277450039174,0.6659523667402852,0.4,NVIDIA GeForce RTX 3080,NVIDIA A100 80GB PCIe,2.13.0+cu130,2.13.0+cu126,20.4,28.6
Q_discriminator_8,discriminator,1,8,False,0.9354156396991856,0.9770015569198227,0.9729614465605078,4.593639373779297,0.13141955783607617,0.40438329453431227,0.13333333333333333,NVIDIA GeForce RTX 3080,NVIDIA A100 80GB PCIe,2.13.0+cu130,2.13.0+cu126,18.5,25.5
Q_barycenter_7,barycenter,0,7,False,0.9675320183568228,0.9784451287553674,0.9785863512482751,5.112695217132568,0.08177895394734461,0.4117491394576096,0.13333333333333333,NVIDIA GeForce RTX 3080,NVIDIA A100 80GB PCIe,2.13.0+cu130,2.13.0+cu126,66.9,93.0
Q_mmd_3,mmd,0,3,False,0.9965291234696043,0.998398770378571,0.9983045009182486,2.323174476623535,0.05107532688336222,0.7521637915597207,0.5333333333333333,NVIDIA GeForce RTX 3080,NVIDIA A100 80GB PCIe,2.13.0+cu130,2.13.0+cu126,20.1,29.0
Q_reference_7,reference,0,7,False,0.9604104202261147,0.9900864592052412,0.9836203478276644,1.9365249276161194,0.3027656658908988,0.5243578264589426,0.26666666666666666,NVIDIA GeForce RTX 3080,NVIDIA A100 80GB PCIe,2.13.0+cu130,2.13.0+cu126,65.2,112.5
Q_sinkhorn_2,sinkhorn,1,2,False,0.9303645297641583,0.9847231645310375,0.9770883684263479,1.0820419192314148,0.22474563325188956,0.49309576394277643,0.2,NVIDIA GeForce RTX 3080,NVIDIA A100 80GB PCIe,2.13.0+cu130,2.13.0+cu126,27.8,33.1
Q_reference_0,reference,1,0,False,0.979436504149939,0.9922182342729478,0.991121791493004,2.530898332595825,0.10865772991469898,0.581412284366979,0.3333333333333333,NVIDIA GeForce RTX 3080,NVIDIA A100 80GB PCIe,2.13.0+cu130,2.13.0+cu126,65.9,108.5
Q_mmd_9,mmd,0,9,False,0.9964501872862543,0.9984513146065727,0.9982897523187025,3.522795021533966,0.053146601103172444,0.7854772279591715,0.5333333333333333,NVIDIA GeForce RTX 3080,NVIDIA A100 80GB PCIe,2.13.0+cu130,2.13.0+cu126,19.6,26.8
Q_barycenter_3,barycenter,0,3,False,0.7654769446490207,0.966205516890282,0.9450138814742782,8.162477493286133,0.19820234963156957,0.32163393621042996,0.06666666666666667,NVIDIA GeForce RTX 3080,NVIDIA A100 80GB PCIe,2.13.0+cu130,2.13.0+cu126,68.9,92.8
Q_barycenter_0,barycenter,1,0,False,0.9441277678253998,0.9848850430389253,0.9797455766475126,7.748627185821533,0.12556863687402056,0.3080662169959609,0.06666666666666667,NVIDIA GeForce RTX 3080,NVIDIA A100 80GB PCIe,2.13.0+cu130,2.13.0+cu126,69.0,91.9
Q_sinkhorn_5,sinkhorn,0,5,False,0.9348364106427932,0.972930178201803,0.9654910573205301,0.7994170188903809,0.3231209221334301,0.4846137010286715,0.2,NVIDIA GeForce RTX 3080,NVIDIA A100 80GB PCIe,2.13.0+cu130,2.13.0+cu126,27.5,33.0
Q_reference_1,reference,0,1,False,0.9811996209647547,0.99521451568834,0.9920164720585465,2.0882036238908768,0.15470529401167712,0.5983803895819654,0.3333333333333333,NVIDIA GeForce RTX 3080,NVIDIA A100 80GB PCIe,2.13.0+cu130,2.13.0+cu126,65.3,105.8
Q_reference_2,reference,1,2,False,0.9710651128023815,0.983395746426959,0.982467829944133,2.7868824005126953,0.1825659290215523,0.4953998288863687,0.2,NVIDIA GeForce RTX 3080,NVIDIA A100 80GB PCIe,2.13.0+cu130,2.13.0+cu126,59.6,105.8
Q_mmd_6,mmd,1,6,False,0.992543988919114,0.9974119492280495,0.996923964094905,3.499682903289795,0.06433357912848726,0.7457132055950179,0.5333333333333333,NVIDIA GeForce RTX 3080,NVIDIA A100 80GB PCIe,2.13.0+cu130,2.13.0+cu126,19.2,28.1
Q_discriminator_2,discriminator,1,2,False,0.9311245083116549,0.9687105051504462,0.9691909639179961,4.129554271697998,0.11952631827266251,0.3522851628564038,0.06666666666666667,NVIDIA GeForce RTX 3080,NVIDIA A100 80GB PCIe,2.13.0+cu130,2.13.0+cu126,19.3,25.2
Q_sinkhorn_6,sinkhorn,1,6,False,0.8322559628116237,0.9801037791495124,0.9627117418694722,0.7867887020111084,0.2508459592975403,0.45811695417736126,0.2,NVIDIA GeForce RTX 3080,NVIDIA A100 80GB PCIe,2.13.0+cu130,2.13.0+cu126,26.9,29.4
Q_barycenter_6,barycenter,1,6,False,0.97036583503172,0.9920540981304904,0.9882353976812442,3.836197853088379,0.05144151743945863,0.4906902246363836,0.2,NVIDIA GeForce RTX 3080,NVIDIA A100 80GB PCIe,2.13.0+cu130,2.13.0+cu126,54.2,65.2
Q_pooled_8,pooled,1,8,False,0.9641132206887323,0.9820247034134999,0.9809648302948066,2.199351668357849,0.12186308802641757,0.5217513281203366,0.26666666666666666,NVIDIA GeForce RTX 3080,NVIDIA A100 80GB PCIe,2.13.0+cu130,2.13.0+cu126,40.6,56.4
Q_pooled_9,pooled,0,9,False,0.9796279854234107,0.990986710921556,0.9890921707721272,1.7968831062316895,0.3084467663568291,0.5913746791619411,0.3333333333333333,NVIDIA GeForce RTX 3080,NVIDIA A100 80GB PCIe,2.13.0+cu130,2.13.0+cu126,36.8,54.1
