arm,cond,pair,knn_overlap_mean,abs_r_median
barycenter,0,Q_barycenter_1~Q_barycenter_3,0.1222586999343401,0.6228946054663695
barycenter,0,Q_barycenter_3~Q_barycenter_5,0.09101255496527987,0.22853614658576427
barycenter,0,Q_barycenter_5~Q_barycenter_7,0.0959330667144193,0.2988733493674305
barycenter,0,Q_barycenter_7~Q_barycenter_9,0.10142859985276269,0.4061101597588098
barycenter,1,Q_barycenter_0~Q_barycenter_2,0.07092858990429576,0.37531514080727074
barycenter,1,Q_barycenter_2~Q_barycenter_4,0.10247716826836985,0.6711383401877185
barycenter,1,Q_barycenter_4~Q_barycenter_6,0.09422988917407826,0.4965022714091199
barycenter,1,Q_barycenter_6~Q_barycenter_8,0.06759983286575538,0.20189030561006804
discriminator,0,Q_discriminator_1~Q_discriminator_3,0.11158399490638492,0.4527333742798984
discriminator,0,Q_discriminator_3~Q_discriminator_5,0.10643068903082036,0.38866239147550985
discriminator,0,Q_discriminator_5~Q_discriminator_7,0.1031954475815277,0.44330131046749427
discriminator,0,Q_discriminator_7~Q_discriminator_9,0.09901709146620506,0.38980592250622953
discriminator,1,Q_discriminator_0~Q_discriminator_2,0.10974750790903122,0.28004686032775045
discriminator,1,Q_discriminator_2~Q_discriminator_4,0.12098529616586083,0.41123149346832877
discriminator,1,Q_discriminator_4~Q_discriminator_6,0.10145247617342167,0.6732565462712807
discriminator,1,Q_discriminator_6~Q_discriminator_8,0.09406076523607712,0.23495423721310735
mmd,0,Q_mmd_1~Q_mmd_3,0.2704470841043395,0.2813584514991124
mmd,0,Q_mmd_3~Q_mmd_5,0.25493344475616303,0.5289689676753939
mmd,0,Q_mmd_5~Q_mmd_7,0.2590620585367795,0.29341327758410973
mmd,0,Q_mmd_7~Q_mmd_9,0.26889512326150544,0.3677338426426655
mmd,1,Q_mmd_0~Q_mmd_2,0.19334845500308404,0.39236309133748787
mmd,1,Q_mmd_2~Q_mmd_4,0.18392725680972563,0.6327568514808839
mmd,1,Q_mmd_4~Q_mmd_6,0.20531049165323623,0.5091752294235401
mmd,1,Q_mmd_6~Q_mmd_8,0.18383573091386618,0.37248905284847583
none,1,Q_none_0~Q_none_1,0.21873097355697488,0.3327124659036983
pooled,0,Q_pooled_1~Q_pooled_3,0.1705803935613522,0.4043200067483615
pooled,0,Q_pooled_3~Q_pooled_5,0.16277084701247538,0.32295718031758575
pooled,0,Q_pooled_5~Q_pooled_7,0.15867804771284746,0.2702053140917524
pooled,0,Q_pooled_7~Q_pooled_9,0.16682385244433834,0.2676676541866825
pooled,1,Q_pooled_0~Q_pooled_2,0.15321832905549257,0.33992037184648405
pooled,1,Q_pooled_2~Q_pooled_4,0.15534929067430708,0.2686827885196347
pooled,1,Q_pooled_4~Q_pooled_6,0.14589028830657197,0.4184212756159699
pooled,1,Q_pooled_6~Q_pooled_8,0.13804094788993018,0.3121090154987808
reference,0,Q_reference_1~Q_reference_3,0.16062396784655486,0.19797492599979605
reference,0,Q_reference_3~Q_reference_5,0.13527328438687597,0.46049742176793285
reference,0,Q_reference_5~Q_reference_7,0.15644362203784398,0.23230907289686398
reference,0,Q_reference_7~Q_reference_9,0.1693189279532024,0.21163256033497574
reference,1,Q_reference_0~Q_reference_2,0.1273304283809865,0.4296867384188029
reference,1,Q_reference_2~Q_reference_4,0.14188105612925048,0.3765398421046909
reference,1,Q_reference_4~Q_reference_6,0.13547424341908912,0.32781287358764444
reference,1,Q_reference_6~Q_reference_8,0.13403768479277345,0.33996512699869896
scvi_adv,1,Q_scvi_adv_0~Q_scvi_adv_1,0.21858771563302093,0.3533469632382309
sinkhorn,0,Q_sinkhorn_1~Q_sinkhorn_3,0.17416184166020018,0.33489574993430005
sinkhorn,0,Q_sinkhorn_3~Q_sinkhorn_5,0.17983843689687418,0.1956333612875591
sinkhorn,0,Q_sinkhorn_5~Q_sinkhorn_7,0.1907857299190195,0.15873634587299082
sinkhorn,0,Q_sinkhorn_7~Q_sinkhorn_9,0.19606239678465548,0.23208012129565886
sinkhorn,1,Q_sinkhorn_0~Q_sinkhorn_2,0.11264649117570981,0.37427138190498355
sinkhorn,1,Q_sinkhorn_2~Q_sinkhorn_4,0.10736783461668557,0.5958065409795574
sinkhorn,1,Q_sinkhorn_4~Q_sinkhorn_6,0.13868361885433456,0.4576165619413187
sinkhorn,1,Q_sinkhorn_6~Q_sinkhorn_8,0.12304263912931016,0.15756879862422526
