model	cond	adv	lam	di	seed	dataset	dec	tag
SCVI	1	none	0	1	0	atac_small	nl	atac_small_XC_nl_cond_none_lam0_s0
SCVI	1	none	0	1	1	atac_small	nl	atac_small_XC_nl_cond_none_lam0_s1
SCVI	1	none	0	1	2	atac_small	nl	atac_small_XC_nl_cond_none_lam0_s2
SCVI	1	discriminator	1	1	0	atac_small	nl	atac_small_XC_nl_cond_discriminator_lam1_s0
SCVI	1	discriminator	1	1	1	atac_small	nl	atac_small_XC_nl_cond_discriminator_lam1_s1
SCVI	1	discriminator	1	1	2	atac_small	nl	atac_small_XC_nl_cond_discriminator_lam1_s2
SCVI	1	discriminator	5	1	0	atac_small	nl	atac_small_XC_nl_cond_discriminator_lam5_s0
SCVI	1	discriminator	5	1	1	atac_small	nl	atac_small_XC_nl_cond_discriminator_lam5_s1
SCVI	1	discriminator	5	1	2	atac_small	nl	atac_small_XC_nl_cond_discriminator_lam5_s2
SCVI	1	discriminator	20	1	0	atac_small	nl	atac_small_XC_nl_cond_discriminator_lam20_s0
SCVI	1	discriminator	20	1	1	atac_small	nl	atac_small_XC_nl_cond_discriminator_lam20_s1
SCVI	1	discriminator	20	1	2	atac_small	nl	atac_small_XC_nl_cond_discriminator_lam20_s2
SCVI	1	discriminator	100	1	0	atac_small	nl	atac_small_XC_nl_cond_discriminator_lam100_s0
SCVI	1	discriminator	100	1	1	atac_small	nl	atac_small_XC_nl_cond_discriminator_lam100_s1
SCVI	1	discriminator	100	1	2	atac_small	nl	atac_small_XC_nl_cond_discriminator_lam100_s2
SCVI	1	reference	1	10	0	atac_small	nl	atac_small_XC_nl_cond_reference_lam1_s0
SCVI	1	reference	1	10	1	atac_small	nl	atac_small_XC_nl_cond_reference_lam1_s1
SCVI	1	reference	1	10	2	atac_small	nl	atac_small_XC_nl_cond_reference_lam1_s2
SCVI	1	reference	5	10	0	atac_small	nl	atac_small_XC_nl_cond_reference_lam5_s0
SCVI	1	reference	5	10	1	atac_small	nl	atac_small_XC_nl_cond_reference_lam5_s1
SCVI	1	reference	5	10	2	atac_small	nl	atac_small_XC_nl_cond_reference_lam5_s2
SCVI	1	reference	20	10	0	atac_small	nl	atac_small_XC_nl_cond_reference_lam20_s0
SCVI	1	reference	20	10	1	atac_small	nl	atac_small_XC_nl_cond_reference_lam20_s1
SCVI	1	reference	20	10	2	atac_small	nl	atac_small_XC_nl_cond_reference_lam20_s2
SCVI	1	reference	100	10	0	atac_small	nl	atac_small_XC_nl_cond_reference_lam100_s0
SCVI	1	reference	100	10	1	atac_small	nl	atac_small_XC_nl_cond_reference_lam100_s1
SCVI	1	reference	100	10	2	atac_small	nl	atac_small_XC_nl_cond_reference_lam100_s2
SCVI	1	pooled	1	10	0	atac_small	nl	atac_small_XC_nl_cond_pooled_lam1_s0
SCVI	1	pooled	1	10	1	atac_small	nl	atac_small_XC_nl_cond_pooled_lam1_s1
SCVI	1	pooled	1	10	2	atac_small	nl	atac_small_XC_nl_cond_pooled_lam1_s2
SCVI	1	pooled	5	10	0	atac_small	nl	atac_small_XC_nl_cond_pooled_lam5_s0
SCVI	1	pooled	5	10	1	atac_small	nl	atac_small_XC_nl_cond_pooled_lam5_s1
SCVI	1	pooled	5	10	2	atac_small	nl	atac_small_XC_nl_cond_pooled_lam5_s2
SCVI	1	pooled	20	10	0	atac_small	nl	atac_small_XC_nl_cond_pooled_lam20_s0
SCVI	1	pooled	20	10	1	atac_small	nl	atac_small_XC_nl_cond_pooled_lam20_s1
SCVI	1	pooled	20	10	2	atac_small	nl	atac_small_XC_nl_cond_pooled_lam20_s2
SCVI	1	pooled	100	10	0	atac_small	nl	atac_small_XC_nl_cond_pooled_lam100_s0
SCVI	1	pooled	100	10	1	atac_small	nl	atac_small_XC_nl_cond_pooled_lam100_s1
SCVI	1	pooled	100	10	2	atac_small	nl	atac_small_XC_nl_cond_pooled_lam100_s2
SCVI	0	none	0	1	0	atac_small	nl	atac_small_XC_nl_uncond_none_lam0_s0
SCVI	0	none	0	1	1	atac_small	nl	atac_small_XC_nl_uncond_none_lam0_s1
SCVI	0	none	0	1	2	atac_small	nl	atac_small_XC_nl_uncond_none_lam0_s2
SCVI	0	discriminator	1	1	0	atac_small	nl	atac_small_XC_nl_uncond_discriminator_lam1_s0
SCVI	0	discriminator	1	1	1	atac_small	nl	atac_small_XC_nl_uncond_discriminator_lam1_s1
SCVI	0	discriminator	1	1	2	atac_small	nl	atac_small_XC_nl_uncond_discriminator_lam1_s2
SCVI	0	discriminator	5	1	0	atac_small	nl	atac_small_XC_nl_uncond_discriminator_lam5_s0
SCVI	0	discriminator	5	1	1	atac_small	nl	atac_small_XC_nl_uncond_discriminator_lam5_s1
SCVI	0	discriminator	5	1	2	atac_small	nl	atac_small_XC_nl_uncond_discriminator_lam5_s2
SCVI	0	discriminator	20	1	0	atac_small	nl	atac_small_XC_nl_uncond_discriminator_lam20_s0
SCVI	0	discriminator	20	1	1	atac_small	nl	atac_small_XC_nl_uncond_discriminator_lam20_s1
SCVI	0	discriminator	20	1	2	atac_small	nl	atac_small_XC_nl_uncond_discriminator_lam20_s2
SCVI	0	discriminator	100	1	0	atac_small	nl	atac_small_XC_nl_uncond_discriminator_lam100_s0
SCVI	0	discriminator	100	1	1	atac_small	nl	atac_small_XC_nl_uncond_discriminator_lam100_s1
SCVI	0	discriminator	100	1	2	atac_small	nl	atac_small_XC_nl_uncond_discriminator_lam100_s2
