tag,column,reference,candidate,identical
A1_atac_small_none_l0_c1_s100_8d38e2a3,PCR_batch,0.7219498058733614,0.7219498058733614,True
A1_atac_small_none_l0_c1_s100_8d38e2a3,ASW_label/batch,0.929056310853792,0.929056310853792,True
A1_atac_small_none_l0_c1_s100_8d38e2a3,iLISI,0.5316829849849558,0.5316829849849558,True
A1_atac_small_none_l0_c1_s100_8d38e2a3,graph_conn,0.9831168967644064,0.9831168967644064,True
A1_atac_small_none_l0_c1_s100_8d38e2a3,kBET,0.3128825001300462,0.3128825001300462,True
A1_atac_small_none_l0_c1_s100_8d38e2a3,NMI_cluster/label,0.5562048596211832,0.5562048596211832,True
A1_atac_small_none_l0_c1_s100_8d38e2a3,ARI_cluster/label,0.3738522708074602,0.3738522708074602,True
A1_atac_small_none_l0_c1_s100_8d38e2a3,ASW_label,0.5496786944568157,0.5496786944568157,True
A1_atac_small_none_l0_c1_s100_8d38e2a3,isolated_label_F1,0.8205705705705706,0.8205705705705706,True
A1_atac_small_none_l0_c1_s100_8d38e2a3,isolated_label_silhouette,0.5548517778515816,0.5548517778515816,True
A1_atac_small_none_l0_c1_s100_8d38e2a3,cLISI,0.9506162273859472,0.9506162273859472,True
A1_atac_small_none_l0_c1_s100_8d38e2a3,cell_cycle_conservation,nan,nan,True
A1_atac_small_none_l0_c1_s100_8d38e2a3,trajectory,nan,nan,True
A1_atac_small_none_l0_c1_s100_8d38e2a3,kbet_seed,0.0,0.0,True
A1_atac_small_none_l0_c1_s100_8d38e2a3,kbet_r_calls,6.0,6.0,True
