start,n_iter,minibatches,median_gap,max_gap,median_noise,median_obj_ratio,max_obj_ratio,max_rng_gap,ms_per_call,gap_over_noise
cold,1,35,0.28796,0.44557,2.17768,1.01657,1.02504,0.01986,2.66736,0.13223
cold,2,35,0.11616,0.24252,2.17768,1.00698,1.01195,0.01986,5.2356,0.05334
cold,3,35,0.07024,0.15061,2.17768,1.00371,1.00742,0.01986,7.76422,0.03225
cold,5,35,0.03047,0.09772,2.17768,1.00159,1.00517,0.01986,12.8062,0.01399
cold,7,35,0.01352,0.07951,2.17768,1.0007,1.00451,0.01986,17.90747,0.00621
cold,10,35,0.00305,0.05481,2.17768,1.00016,1.00312,0.01986,25.22297,0.0014
warm,3,35,0.62319,0.93146,2.17768,1.00566,1.01388,0.01986,7.87904,0.28617
warm,5,35,0.59049,0.90117,2.17768,1.00309,1.00937,0.01986,13.02609,0.27116
warm,10,35,0.59207,0.93003,2.17768,1.00167,1.00719,0.01986,25.45012,0.27188
warm,20,35,0.5677,0.97555,2.17768,1.00093,1.0053,0.01986,41.49144,0.26069
