config,status,max_abs_dz,detail
none|c1|mean|z0|SCVI,identical,0.0,"n=(600, 4)"
none|c0|mean|z0|SCVI,identical,0.0,"n=(600, 4)"
scvi_adv|c1|mean|z0|SCVI,identical,0.0,"n=(600, 4)"
discriminator|c1|mean|z0|SCVI,identical,0.0,"n=(600, 4)"
discriminator|c0|mean|z0|SCVI,identical,0.0,"n=(600, 4)"
discriminator_sn|c1|mean|z0|SCVI,identical,0.0,"n=(600, 4)"
discriminator_sn|c0|mean|z0|SCVI,identical,0.0,"n=(600, 4)"
reference|c1|mean|z0|SCVI,identical,0.0,"n=(600, 4)"
reference|c0|mean|z0|SCVI,identical,0.0,"n=(600, 4)"
reference_fixed|c1|mean|z0|SCVI,identical,0.0,"n=(600, 4)"
reference_fixed|c0|mean|z0|SCVI,identical,0.0,"n=(600, 4)"
pooled|c1|mean|z0|SCVI,identical,0.0,"n=(600, 4)"
pooled|c0|mean|z0|SCVI,identical,0.0,"n=(600, 4)"
barycenter|c1|mean|z0|SCVI,identical,0.0,"n=(600, 4)"
barycenter|c0|mean|z0|SCVI,identical,0.0,"n=(600, 4)"
mmd|c1|mean|z0|SCVI,identical,0.0,"n=(600, 4)"
mmd|c0|mean|z0|SCVI,identical,0.0,"n=(600, 4)"
sinkhorn|c1|mean|z0|SCVI,identical,0.0,"n=(600, 4)"
sinkhorn|c0|mean|z0|SCVI,identical,0.0,"n=(600, 4)"
mmd_ref|c1|mean|z0|SCVI,identical,0.0,"n=(600, 4)"
mmd_ref|c0|mean|z0|SCVI,identical,0.0,"n=(600, 4)"
reference_sn|c1|mean|z0|SCVI,identical,0.0,"n=(600, 4)"
reference_sn|c0|mean|z0|SCVI,identical,0.0,"n=(600, 4)"
reference_fixed_sn|c1|mean|z0|SCVI,identical,0.0,"n=(600, 4)"
reference_fixed_sn|c0|mean|z0|SCVI,identical,0.0,"n=(600, 4)"
pooled_sn|c1|mean|z0|SCVI,identical,0.0,"n=(600, 4)"
pooled_sn|c0|mean|z0|SCVI,identical,0.0,"n=(600, 4)"
barycenter_sn|c1|mean|z0|SCVI,identical,0.0,"n=(600, 4)"
barycenter_sn|c0|mean|z0|SCVI,identical,0.0,"n=(600, 4)"
pooled|c1|sample|z1|SCVI,identical,0.0,"n=(600, 4)"
discriminator|c1|sample|z1|SCVI,identical,0.0,"n=(600, 4)"
mmd|c0|mean|z1|SCVI,identical,0.0,"n=(600, 4)"
pooled|c1|mean|z0|LinearSCVI,identical,0.0,"n=(600, 4)"
discriminator|c0|mean|z0|LinearSCVI,identical,0.0,"n=(600, 4)"
