id,severity,issue,where,reviewer_risk,action,status
N9,critical,"Regeneration path still rebuilds the rejected design: committed manifest (2,000 rows, all unconditioned, disc 1 step, lambda 5-1500), driver defaults 239 ep / batch 512 / n_latent 30, final scoring via score_final_config.py (raw PCR, wrong sign)",scvi_final_manifest.tsv; run_jhpce_pilot.sh:52; score_parallel.sh:31; score_baselines_parallel.sh:32,Reproducibility claim fails on inspection,New manifest generator with every knob as a column; fit script refuses missing knobs; all scoring via score_scib_native.py; retire score_final_config.py; write config + git SHA + package versions into each latent file,must fix before freeze
N1,critical,Adversary trains on posterior samples; the scored embedding is the posterior mean. Provisional run: at lambda=30 the critic is satisfied on samples while batch stays decodable from the means,"scvi_adversarial_plan.py:220,232 vs :353",Over-correction/mixing claims explainable by a train/score mismatch,Pilot A2 decides: adversary on posterior means (DANN/WDGRL-consistent) or samples (scvi-tools convention); log masking gap and sigma^2/Var(mu) for every run,decide in Phase A
C1,critical,Composite added raw scib pcr() (higher = worse) with + sign,score_final_config.py:21; experiment.py:360,Every batch/scIB number wrong,Fixed on the scIB-native path (pcr_comparison); retire old path (N9),fixed (pilot path)
C2,critical,Prep copied log-normalised X into layers['counts']; every NB/ZINB fit on log data,data.py:102 (old),All earlier fits invalid as scVI,Fixed: source counts layer; integer guard over every value; recorded rounding only for quantifier expected counts,"fixed (11bd8e6, ca6c3a0)"
N4,high,"Pooled critic target includes the head's own batch: estimates (1-pi_k) W1(P_k, rest); for K=2 it is half the reference objective and reference choice cannot matter",critic.py:81; alignment.py pool targets,Reference-vs-pooled and reference-selection results on K=2 tasks carry no information,Target = other batches (or reweight 1/(1-pi_k)); state K=2 equivalence; run reference analyses only on K>=3,must fix before freeze
N3,high,"Barycenter = 64 anchors initialised near 0 and moved by the generator optimiser (eps 0.01): fixed point at small lambda, contracting quantiser at large lambda","adversarial.py:32,59",Cannot answer R2.5,"Drop (recommended) or rebuild (k-means init after warm-up, >= batch-size anchors, own optimiser)",decision
N2,high,z-standardisation divides by one pooled RMS of sampled z: anisotropy and noise-inflation shortcuts,scvi_adversarial_plan.py:265-270,zstd pilot uninterpretable,Per-dimension standardisation using posterior-mean statistics; diagnostic arm unless spectrum matches lambda0,must fix before A3
H2/N16,high,"Sinkhorn: normalising scale under no_grad (drives latent contraction) and squared-Euclidean cost (W2^2, not W1)","alignment.py:27-29,111",Critic-free arms cannot be used to argue about W1,Scale with gradient; p=1 cost for a W1-matched arm; describe MMD as a different IPM,must fix before freeze
N10,high,"Pancreas, lung, immune_hum_mou cannot be prepped; min_genes=300 removes 10-11% of cells from two curated scIB tasks, unevenly by cell type","data.py:144,166",Benchmark cannot run as specified; rare-type metrics biased,Per-dataset repairs (table); rounding column field; skip min_genes on curated files; report cells vs scIB Table 1,must fix before freeze
N11,high,Batch keys differ from scIB on 5/8 datasets (lung protocol 2 vs 16 donors; immune chemistry 4 vs 10; ...),dataset_registry.json,Not comparable to scIB/published scVI; removes multi-batch structure,scIB keys for the main benchmark; coarse technology keys as a labelled variant,decision (recommend scIB keys)
N12,high,"Baselines break the same-epochs/batch/latent rule (scVI 30 dims, 200 ep, early stopping; PCA/Harmony/Scanorama 50 dims); scANVI trained on the evaluation labels",run_baselines.py:24-92,Unequal budgets; scANVI's bio advantage by construction,Stock-schedule scVI/scANVI; 10 dims for PCA/Harmony/Scanorama (50 as sensitivity); scANVI in a label-aware stratum; deterministic baselines once,must fix before freeze
N13,medium,"scIB overall depends on the comparison set; organism default 'human' (wrong for mouse ATAC, sims); trajectory disabled although immune has dpt_pseudotime; Leiden grid differs from the paper",score_scib_native.py,Near-ties flip with the set; missing trajectory evidence,One pre-declared comparison set per dataset; raw metrics primary; organism per dataset; trajectory for immune; state the scib 1.1.7 clustering grid,must fix before freeze
N5,medium,'Reference' is not fixed: reference cells receive the summed pull of all K-1 heads (star of pairwise W1 terms),scvi_adversarial_plan.py:249-251,Claim 3 assumes a fixed target,Describe as star-shaped objective; add fixed-reference control (detach reference z) in X7,add arm
N6,medium,"At batch 128 small batches give ~4-5 cells per head; critics weight batches equally, discriminator weights cells",critic.py:92-256,Scaling deficit may be estimator variance,Report n_k per minibatch; stratified-sampler arm in X8,add arm
N7,medium,"Adversary optimiser/steps match neither WGAN-GP (lr 1e-4, betas (0,0.9), n_critic 5, fresh samples) nor scvi-tools' classifier (32 units, kappa schedule)","scvi_adversarial_plan.py:197,240",'As people use it' framing,Stock scvi-tools adversary as an anchor arm; WGAN-GP-default critic setting in X12; disclose shared head and minibatch reuse,add arm + disclose
N8,medium,Fixed lambda from step 0 against a KL warm-up that never completes on large datasets (final kl_weight immune 0.595),scvi TrainingPlan defaults,Effective adversary strength drifts by dataset,Report final kl_weight per dataset; warm-up-complete sensitivity on 2 datasets,disclose + sensitivity
N14,low,HVGs: scanpy 'seurat' flavour on log data (tutorial: seurat_v3 on counts with batch_key); ATAC = gene activity only,data.py:159-171,Minor; modality claims,seurat_v3 on counts with batch_key; describe ATAC as gene activity,must fix before freeze
N15,low,"No adversary diagnostics logged (gap, GP, gradient norms, accuracy, ELBO terms)",scvi_adversarial_plan.py:262,Mechanistic language unsupported (R2.3); X4 impossible,Log per epoch and save history with each latent,must fix before freeze
M6,low,Deterministic baselines (Harmony/Scanorama/PCA) counted as 5 identical seeds,run_final_baselines.py,Pseudo-replication,Report once without seed CIs,must fix before freeze
L6,low,Critic inner loop reuses one minibatch for all 10 steps (WDGRL does the same; WGAN-GP samples fresh),scvi_adversarial_plan.py:240,Design disclosure,Disclose,disclose
models,medium,Only latents are saved; marker/DE analyses need the trained decoder,scvi_adv_fit.py,R1.minor.2 / R3.minor.2 cannot be answered post hoc,Save model weights for every core fit (~1-2 MB each),must fix before freeze
