experiment,fits_v2,gpu_lane_hours_v2,score_cpu_hours_v2,fits_v3,gpu_lane_hours_v3,score_cpu_hours_v3,gpu_lane_hours_change,score_cpu_hours_change
A1,1098.0,370.12,93.87,1098.0,370.12,93.87,0.0,0.0
A2,108.0,40.51,10.9,108.0,40.51,10.9,0.0,0.0
A3,180.0,55.32,18.17,180.0,55.32,18.17,0.0,0.0
X1,3000.0,1267.62,520.41,3000.0,1267.62,520.41,0.0,0.0
X12,288.0,66.65,26.48,288.0,66.65,26.48,0.0,0.0
X13,408.0,47.22,70.78,408.0,47.22,70.78,0.0,0.0
X15,0.0,0.0,0.0,84.0,24.09,22.41,24.09,22.41
X3,828.0,259.67,56.65,828.0,259.67,56.65,0.0,0.0
X6,216.0,74.26,19.86,216.0,74.26,19.86,0.0,0.0
X7,216.0,68.31,13.74,216.0,68.31,13.74,0.0,0.0
X8,504.0,101.28,18.94,504.0,101.28,18.94,0.0,0.0
TOTAL,6846.0,2350.98,849.81,6930.0,2375.06,872.22,24.09,22.41
