id,original_section,question,reviewer_comments,datasets,factors,seeds,fits,critic_fits,local_gpu_h,tier,wall_days_at_3x
A1,all,"Stock-default re-pilot: grid range per family (lambda=0 -> collapse), seed SD and between-dataset SD, throughput per arm","R2.2, R3.2","atac_small, immune, sim1",cond+uncond x all core arms x 8 lambda,3,891,288,271,1,3.8
A2,RS1,"Adversary input: posterior samples vs posterior means (masking gap, code review N1)",R2.3,"atac_small, immune","{samples, means} x {discriminator (1 step), reference, pooled} x 3 lambda",3,108,72,63,1,0.9
A3,RS3,"Latent-scale shortcut: per-dimension standardisation of the adversary input {off, on} (user-requested pilot; fixes N2)","R2.5, R3.3","atac_small, immune","{off, on} x {reference, pooled, mmd, sinkhorn, discriminator (1 step)} x 3 lambda",3,180,72,74,1,1.0
X1/X2,RS1 + RS3,Core benchmark: batch-vs-bio frontier per arm; bio at matched batch removal; local vs global batch metrics; lambda curves; failure rates,"R1.major.1, R1.minor.1(metrics), R2.1, R2.2, R2.4, R3.1","9 real tasks (7 families) + sim1, sim2","cond: lambda0, stock scvi-tools adversary, disc1, discriminator (1 step), reference, pooled, MMD, Sinkhorn(W1 cost); uncond: same minus stock adversary; 6 lambda per family",5,4125,1320,1468,1,20.4
X13,RS5 (new),"Baselines under an equal configuration budget: scVI stock (= cond lambda0), scANVI (label-aware stratum), sysVI, Harmony, Scanorama, PCA (10 dims; tool default 50 as sensitivity)","R2.4, R3.1",all core tasks,each method's native strength knob x 6 configs (deterministic CPU methods once),5,385,0,21,1,0.3
X3,RS1 (mechanism),Composition-shift dose-response: is over-correction driven by cell-type composition differences for every divergence? oracle importance-weighted control,"R1.major.2, R2.6, R3.3","atac_small, immune_hum_mou, sim2, pancreas; dose 0 = natural composition (a common composition cannot be matched: no cell type is present in every batch of immune_hum_mou or sim2, docs/x3_shared_support_profile.csv); reference fixed at the dose-0 choice, a non-reference batch depleted (SI-31..SI-33)","deplete 1-2 types in one batch at {0,50,80,95,100}% x {lambda0, discriminator (1 step), reference, pooled, MMD} x 2 lambda",3,540,240,86,2,1.2
X6,RS3,Divergence x regularisation x update budget: which part of critic-vs-discriminator is the divergence rather than the gradient penalty or n_adv?,"R2.1, R2.3, R3.2","atac_small, immune, pancreas","JS {none, R1-GP, spectral norm} at 1 update per step (SI-01); pooled W1 critic: GP x n_adv {1,5,10}, spectral norm x n_adv {1,5}; 3 lambda; symmetric target",3,270,108,102,2,1.4
X7,RS4,Reference batch selection: every batch as reference; does dependence come from W1 or from reference-anchored alignment? coverage/size/entropy as covariates,"R2.3, R2.5","pancreas (8 refs), sim1 (6), immune chemistry (4); K>=3 only (K=2 makes reference choice irrelevant)","{reference W1, fixed-reference W1, reference JS, reference MMD} x every reference x 1 lambda",3,216,108,83,1,1.2
X8,RS2,Batch-count scaling with per-head sample size and total cells fixed: does the critic degrade with the number of batches?,"R1.minor.1, R2.5","immune_hum_mou ('batch' 23), sim2 ('SubBatch' 16), BMMC (13); 20k cells each","V {2,4,8,16} x 2 random batch subsets x {lambda0, discriminator (1 step), MMD, reference, pooled}; critics also with a stratified sampler",3,504,288,328,1,4.6
X9,RS2,"Stability: divergence/NaN rates (Clopper-Pearson), seed-SD ratio vs lambda0, time to divergence","R2.2, R3.2",all runs,"derived, no new fits",-,0,0,0,1,0.0
X4,RS1 (premise),Disjoint support and gradient diagnostics: batch-classifier AUC before integration; adversary gradient norms and accuracy over training,R1.major.2,all core runs (logging) + model-free overlap on every dataset,logging only (needs code: N15),-,0,0,0,1,0.0
X10,RS1/RS5,"Downstream biology at matched batch removal: label transfer (macro-F1, confusion), marker preservation, rare-type recall, condition preservation (Kang 2018), trajectory (immune dpt_pseudotime)","R1.minor.2, R2.6, R3.minor.2",core runs (saved latents + models) + Kang 2018,post-hoc CPU analysis; models must be saved during X1,-,0,0,0,1,0.0
X12,RS3,Architecture/hyperparameter robustness: does the sign of the critic-discriminator difference depend on backbone or adversary settings?,R3.2,"atac_small, immune, pancreas","resolution-IV fractional factorial (8 runs): n_latent {10,30}, adversary width {32,128}, adversary lr {1e-4,1e-3}, batch {128,512}, decoder {SCVI, LinearSCVI}; 2 lambda; discriminator (1 step) vs reference",3,288,144,134,2,1.9
X11,RS1 (ground truth),Parametrised Splatter simulations: known merges and DE genes under composition shift and batch-specific types,R2.6,Splatter factorial (12 conditions),composition shift x batch-specific type x batch strength,3,324,144,21,3,0.3
X14,RS2/RS5,Atlas scale: HLCA core (~585k cells) at one lambda per family,R3.4,HLCA core,"{lambda0, discriminator (1 step), reference, pooled, MMD} + baselines",3,15,6,8,3,0.1
