tag,task,arm,n_critic,batch_size,epochs,n,K,seconds,gpu,train_size,n_latent,likelihood,seconds_1ep,ms_per_step,setup_s
S_atac_small_barycenter,atac_small,barycenter,5,128,3,11270,3,12.9,NVIDIA GeForce RTX 3080,0.9,10,zinb,4.9,50.0,0.9
S_atac_small_barycenter_warm3,atac_small,barycenter_warm3,5,128,3,11270,3,10.9,NVIDIA GeForce RTX 3080,0.9,10,zinb,4.3,41.25,1.0
S_immune_barycenter,immune,barycenter,5,128,3,33506,10,43.3,NVIDIA GeForce RTX 3080,0.9,10,zinb,15.4,59.11,1.5
S_immune_barycenter_iter5,immune,barycenter_iter5,5,128,3,33506,10,35.0,NVIDIA GeForce RTX 3080,0.9,10,zinb,12.9,46.82,1.8
S_immune_barycenter_warm3,immune,barycenter_warm3,5,128,3,33506,10,31.1,NVIDIA GeForce RTX 3080,0.9,10,zinb,11.6,41.31,1.8
S_immune_discriminator,immune,discriminator,1,128,3,33506,10,9.7,NVIDIA GeForce RTX 3080,0.9,10,zinb,4.2,11.65,1.5
S_immune_disc_b512,immune,discriminator,1,512,3,33506,10,3.6,NVIDIA GeForce RTX 3080,0.9,10,zinb,2.0,13.56,1.2
S_immune_discriminator_sn,immune,discriminator_sn,1,128,3,33506,10,12.5,NVIDIA GeForce RTX 3080,0.9,10,zinb,4.9,16.1,1.1
S_immune_mmd,immune,mmd,0,128,3,33506,10,10.1,NVIDIA GeForce RTX 3080,0.9,10,zinb,4.1,12.71,1.1
S_immune_mmd_ref,immune,mmd_ref,0,128,3,33506,10,9.7,NVIDIA GeForce RTX 3080,0.9,10,zinb,4.3,11.44,1.6
S_immune_none,immune,none,0,128,3,33506,10,7.0,NVIDIA GeForce RTX 3080,0.9,10,zinb,3.1,8.26,1.2
S_immune_pooled,immune,pooled,5,128,3,33506,10,27.1,NVIDIA GeForce RTX 3080,0.9,10,zinb,10.6,34.96,2.3
S_immune_pooled_n1,immune,pooled,1,128,3,33506,10,13.4,NVIDIA GeForce RTX 3080,0.9,10,zinb,5.0,17.8,0.8
S_immune_pooled_sn,immune,pooled_sn,5,128,3,33506,10,29.3,NVIDIA GeForce RTX 3080,0.9,10,zinb,10.6,39.62,1.2
S_immune_reference,immune,reference,5,128,3,33506,10,34.2,NVIDIA GeForce RTX 3080,0.9,10,zinb,12.0,47.03,0.9
S_immune_ref_b512,immune,reference,5,512,3,33506,10,9.6,NVIDIA GeForce RTX 3080,0.9,10,zinb,4.1,46.61,1.3
S_immune_reference_fixed,immune,reference_fixed,5,128,3,33506,10,30.5,NVIDIA GeForce RTX 3080,0.9,10,zinb,11.9,39.41,2.6
S_immune_scanvi,immune,scanvi,0,128,3,33506,10,16.4,NVIDIA GeForce RTX 3080,0.9,10,zinb,12.7,7.84,10.8
S_immune_scvi_adv,immune,scvi_adv,0,128,3,33506,10,9.3,NVIDIA GeForce RTX 3080,0.9,10,zinb,3.9,11.44,1.2
S_immune_sinkhorn,immune,sinkhorn,0,128,3,33506,10,16.2,NVIDIA GeForce RTX 3080,0.9,10,zinb,6.5,20.55,1.7
S_immune_sysvi,immune,sysvi,0,128,3,33506,10,10.1,NVIDIA GeForce RTX 3080,0.9,10,zinb,4.1,12.71,1.1
S_hummou_barycenter,immune_hum_mou,barycenter,5,128,3,97861,23,154.1,NVIDIA GeForce RTX 3080,0.9,10,zinb,53.6,72.93,3.4
S_hummou_barycenter_warm3,immune_hum_mou,barycenter_warm3,5,128,3,97861,23,96.6,NVIDIA GeForce RTX 3080,0.9,10,zinb,34.2,45.28,3.0
S_hummou_pooled,immune_hum_mou,pooled,5,128,3,97861,23,95.2,NVIDIA GeForce RTX 3080,0.9,10,zinb,30.6,46.88,-1.7
S_immune_discriminator_r1_rep2,immune,discriminator_r1,1,128,3,33506,10,11.0,NVIDIA GeForce RTX 3080,0.9,10,zinb,4.6,13.56,1.4
S_immune_discriminator_ref_rep0,immune,discriminator_ref,1,128,3,33506,10,12.4,NVIDIA GeForce RTX 3080,0.9,10,zinb,5.1,15.47,1.4
S_immune_reference_stratified_rep0,immune,reference_stratified,5,128,3,33506,10,33.9,NVIDIA GeForce RTX 3080,0.9,10,zinb,12.2,45.97,1.3
S_immune_pooled_stratified_rep0,immune,pooled_stratified,5,128,3,33506,10,30.2,NVIDIA GeForce RTX 3080,0.9,10,zinb,10.5,41.74,0.7
S_immune_discriminator_iw_rep0,immune,discriminator_iw,1,128,3,30344,10,9.6,NVIDIA GeForce RTX 3080,0.9,10,zinb,4.0,13.08,1.2
S_immune_reference_iw_rep1,immune,reference_iw,5,128,3,30344,10,30.9,NVIDIA GeForce RTX 3080,0.9,10,zinb,11.2,46.03,1.3
S_immune_pooled_iw_rep1,immune,pooled_iw,5,128,3,30344,10,24.7,NVIDIA GeForce RTX 3080,0.9,10,zinb,8.6,37.62,0.5
S_immune_mmd_iw_rep0,immune,mmd_iw,0,128,3,30344,10,9.5,NVIDIA GeForce RTX 3080,0.9,10,zinb,3.9,13.08,1.1
