tag,task,arm,n_critic,batch_size,epochs,n,K,seconds,gpu,train_size,n_latent,likelihood,seconds_1ep,ms_per_step,setup_s,label,rep
S_immune_discriminator_rep0,immune,discriminator,1,128,3,33506,10,9.8,NVIDIA GeForce RTX 3080,0.9,10,zinb,4.2,11.86,1.4,discriminator,0
S_immune_discriminator_rep1,immune,discriminator,1,128,3,33506,10,9.8,NVIDIA GeForce RTX 3080,0.9,10,zinb,4.1,12.08,1.2,discriminator,1
S_immune_discriminator_rep2,immune,discriminator,1,128,3,33506,10,10.2,NVIDIA GeForce RTX 3080,0.9,10,zinb,4.2,12.71,1.2,discriminator,2
S_immune_discriminator_iw_rep0,immune,discriminator_iw,1,128,3,30344,10,9.6,NVIDIA GeForce RTX 3080,0.9,10,zinb,4.0,13.08,1.2,discriminator_iw,0
S_immune_discriminator_iw_rep1,immune,discriminator_iw,1,128,3,30344,10,9.3,NVIDIA GeForce RTX 3080,0.9,10,zinb,4.0,12.38,1.3,discriminator_iw,1
S_immune_discriminator_iw_rep2,immune,discriminator_iw,1,128,3,30344,10,9.7,NVIDIA GeForce RTX 3080,0.9,10,zinb,3.8,13.79,0.9,discriminator_iw,2
S_immune_discriminator_r1_rep0,immune,discriminator_r1,1,128,3,33506,10,10.8,NVIDIA GeForce RTX 3080,0.9,10,zinb,4.6,13.14,1.5,discriminator_r1,0
S_immune_discriminator_r1_rep1,immune,discriminator_r1,1,128,3,33506,10,11.3,NVIDIA GeForce RTX 3080,0.9,10,zinb,4.4,14.62,1.0,discriminator_r1,1
S_immune_discriminator_r1_rep2,immune,discriminator_r1,1,128,3,33506,10,11.0,NVIDIA GeForce RTX 3080,0.9,10,zinb,4.6,13.56,1.4,discriminator_r1,2
S_immune_discriminator_ref_rep0,immune,discriminator_ref,1,128,3,33506,10,12.4,NVIDIA GeForce RTX 3080,0.9,10,zinb,5.1,15.47,1.4,discriminator_ref,0
S_immune_discriminator_ref_rep1,immune,discriminator_ref,1,128,3,33506,10,12.0,NVIDIA GeForce RTX 3080,0.9,10,zinb,4.6,15.68,0.9,discriminator_ref,1
S_immune_discriminator_ref_rep2,immune,discriminator_ref,1,128,3,33506,10,12.0,NVIDIA GeForce RTX 3080,0.9,10,zinb,4.9,15.04,1.4,discriminator_ref,2
S_immune_mmd_rep0,immune,mmd,0,128,3,33506,10,10.3,NVIDIA GeForce RTX 3080,0.9,10,zinb,4.3,12.71,1.3,mmd,0
S_immune_mmd_rep1,immune,mmd,0,128,3,33506,10,10.0,NVIDIA GeForce RTX 3080,0.9,10,zinb,4.0,12.71,1.0,mmd,1
S_immune_mmd_rep2,immune,mmd,0,128,3,33506,10,9.7,NVIDIA GeForce RTX 3080,0.9,10,zinb,4.1,11.86,1.3,mmd,2
S_immune_mmd_iw_rep0,immune,mmd_iw,0,128,3,30344,10,9.5,NVIDIA GeForce RTX 3080,0.9,10,zinb,3.9,13.08,1.1,mmd_iw,0
S_immune_mmd_iw_rep1,immune,mmd_iw,0,128,3,30344,10,10.3,NVIDIA GeForce RTX 3080,0.9,10,zinb,3.6,15.65,0.2,mmd_iw,1
S_immune_mmd_iw_rep2,immune,mmd_iw,0,128,3,30344,10,8.9,NVIDIA GeForce RTX 3080,0.9,10,zinb,3.9,11.68,1.4,mmd_iw,2
S_immune_pooled_rep0,immune,pooled,5,128,3,33506,10,30.1,NVIDIA GeForce RTX 3080,0.9,10,zinb,9.4,43.86,-1.0,pooled,0
S_immune_pooled_rep1,immune,pooled,5,128,3,33506,10,28.1,NVIDIA GeForce RTX 3080,0.9,10,zinb,9.7,38.98,0.5,pooled,1
S_immune_pooled_rep2,immune,pooled,5,128,3,33506,10,30.7,NVIDIA GeForce RTX 3080,0.9,10,zinb,10.4,43.01,0.3,pooled,2
S_immune_pooled_iw_rep0,immune,pooled_iw,5,128,3,30344,10,23.7,NVIDIA GeForce RTX 3080,0.9,10,zinb,9.6,32.94,2.5,pooled_iw,0
S_immune_pooled_iw_rep1,immune,pooled_iw,5,128,3,30344,10,24.7,NVIDIA GeForce RTX 3080,0.9,10,zinb,8.6,37.62,0.5,pooled_iw,1
S_immune_pooled_iw_rep2,immune,pooled_iw,5,128,3,30344,10,24.8,NVIDIA GeForce RTX 3080,0.9,10,zinb,8.5,38.08,0.3,pooled_iw,2
S_immune_pooled_stratified_rep0,immune,pooled_stratified,5,128,3,33506,10,30.2,NVIDIA GeForce RTX 3080,0.9,10,zinb,10.5,41.74,0.7,pooled_stratified,0
S_immune_pooled_stratified_rep1,immune,pooled_stratified,5,128,3,33506,10,26.6,NVIDIA GeForce RTX 3080,0.9,10,zinb,10.9,33.26,3.0,pooled_stratified,1
S_immune_pooled_stratified_rep2,immune,pooled_stratified,5,128,3,33506,10,29.9,NVIDIA GeForce RTX 3080,0.9,10,zinb,9.3,43.64,-1.0,pooled_stratified,2
S_immune_reference_rep0,immune,reference,5,128,3,33506,10,33.7,NVIDIA GeForce RTX 3080,0.9,10,zinb,12.2,45.55,1.4,reference,0
S_immune_reference_rep1,immune,reference,5,128,3,33506,10,33.8,NVIDIA GeForce RTX 3080,0.9,10,zinb,10.6,49.15,-1.0,reference,1
S_immune_reference_rep2,immune,reference,5,128,3,33506,10,34.3,NVIDIA GeForce RTX 3080,0.9,10,zinb,12.3,46.61,1.3,reference,2
S_immune_reference_iw_rep0,immune,reference_iw,5,128,3,30344,10,30.8,NVIDIA GeForce RTX 3080,0.9,10,zinb,11.7,44.63,2.1,reference_iw,0
S_immune_reference_iw_rep1,immune,reference_iw,5,128,3,30344,10,30.9,NVIDIA GeForce RTX 3080,0.9,10,zinb,11.2,46.03,1.3,reference_iw,1
S_immune_reference_iw_rep2,immune,reference_iw,5,128,3,30344,10,31.0,NVIDIA GeForce RTX 3080,0.9,10,zinb,10.4,48.13,0.1,reference_iw,2
S_immune_reference_stratified_rep0,immune,reference_stratified,5,128,3,33506,10,33.9,NVIDIA GeForce RTX 3080,0.9,10,zinb,12.2,45.97,1.3,reference_stratified,0
S_immune_reference_stratified_rep1,immune,reference_stratified,5,128,3,33506,10,31.4,NVIDIA GeForce RTX 3080,0.9,10,zinb,10.9,43.43,0.7,reference_stratified,1
S_immune_reference_stratified_rep2,immune,reference_stratified,5,128,3,33506,10,33.7,NVIDIA GeForce RTX 3080,0.9,10,zinb,11.5,47.03,0.4,reference_stratified,2
