design,uncond_seeds,barycenter_iter,experiment,fits,gpu_lane_hours,score_cpu_hours,local_wall_days_8lanes
pilot,5,10,A1,1098,370.12,93.87,4.09
pilot,5,10,A2,108,40.51,10.9,0.45
pilot,5,10,A3,180,55.32,18.17,0.61
pilot,5,10,X1,3000,1267.62,520.41,14.01
pilot,5,10,X12,288,66.65,26.48,0.74
pilot,5,10,X13,408,47.22,70.78,0.52
pilot,5,10,X3,828,285.25,62.52,3.15
pilot,5,10,X6,216,74.26,19.86,0.82
pilot,5,10,X7,216,68.31,13.74,0.75
pilot,5,10,X8,504,101.28,18.94,1.12
pilot,5,5,A1,1098,350.37,93.87,3.87
pilot,5,5,A2,108,40.51,10.9,0.45
pilot,5,5,A3,180,55.32,18.17,0.61
pilot,5,5,X1,3000,1180.32,520.41,13.05
pilot,5,5,X12,288,66.65,26.48,0.74
pilot,5,5,X13,408,47.22,70.78,0.52
pilot,5,5,X3,828,285.25,62.52,3.15
pilot,5,5,X6,216,74.26,19.86,0.82
pilot,5,5,X7,216,68.31,13.74,0.75
pilot,5,5,X8,504,101.28,18.94,1.12
pilot,5,3,A1,1098,342.47,93.87,3.78
pilot,5,3,A2,108,40.51,10.9,0.45
pilot,5,3,A3,180,55.32,18.17,0.61
pilot,5,3,X1,3000,1145.4,520.41,12.66
pilot,5,3,X12,288,66.65,26.48,0.74
pilot,5,3,X13,408,47.22,70.78,0.52
pilot,5,3,X3,828,285.25,62.52,3.15
pilot,5,3,X6,216,74.26,19.86,0.82
pilot,5,3,X7,216,68.31,13.74,0.75
pilot,5,3,X8,504,101.28,18.94,1.12
pilot,3,10,A1,1098,370.12,93.87,4.09
pilot,3,10,A2,108,40.51,10.9,0.45
pilot,3,10,A3,180,55.32,18.17,0.61
pilot,3,10,X1,2408,1015.36,417.72,11.22
pilot,3,10,X12,288,66.65,26.48,0.74
pilot,3,10,X13,408,47.22,70.78,0.52
pilot,3,10,X3,828,285.25,62.52,3.15
pilot,3,10,X6,216,74.26,19.86,0.82
pilot,3,10,X7,216,68.31,13.74,0.75
pilot,3,10,X8,504,101.28,18.94,1.12
pilot,3,5,A1,1098,350.37,93.87,3.87
pilot,3,5,A2,108,40.51,10.9,0.45
pilot,3,5,A3,180,55.32,18.17,0.61
pilot,3,5,X1,2408,945.52,417.72,10.45
pilot,3,5,X12,288,66.65,26.48,0.74
pilot,3,5,X13,408,47.22,70.78,0.52
pilot,3,5,X3,828,285.25,62.52,3.15
pilot,3,5,X6,216,74.26,19.86,0.82
pilot,3,5,X7,216,68.31,13.74,0.75
pilot,3,5,X8,504,101.28,18.94,1.12
pilot,3,3,A1,1098,342.47,93.87,3.78
pilot,3,3,A2,108,40.51,10.9,0.45
pilot,3,3,A3,180,55.32,18.17,0.61
pilot,3,3,X1,2408,917.58,417.72,10.14
pilot,3,3,X12,288,66.65,26.48,0.74
pilot,3,3,X13,408,47.22,70.78,0.52
pilot,3,3,X3,828,285.25,62.52,3.15
pilot,3,3,X6,216,74.26,19.86,0.82
pilot,3,3,X7,216,68.31,13.74,0.75
pilot,3,3,X8,504,101.28,18.94,1.12
shared,5,10,A2,54,20.26,5.45,0.22
shared,5,10,A3,90,27.66,9.09,0.31
shared,5,10,X1,4920,2102.43,853.47,23.24
shared,5,10,X12,288,66.65,26.48,0.74
shared,5,10,X13,408,47.22,70.78,0.52
shared,5,10,X3,828,285.25,62.52,3.15
shared,5,10,X6,216,74.26,19.86,0.82
shared,5,10,X7,216,68.31,13.74,0.75
shared,5,10,X8,504,101.28,18.94,1.12
shared,5,5,A2,54,20.26,5.45,0.22
shared,5,5,A3,90,27.66,9.09,0.31
shared,5,5,X1,4920,1956.93,853.47,21.63
shared,5,5,X12,288,66.65,26.48,0.74
shared,5,5,X13,408,47.22,70.78,0.52
shared,5,5,X3,828,285.25,62.52,3.15
shared,5,5,X6,216,74.26,19.86,0.82
shared,5,5,X7,216,68.31,13.74,0.75
shared,5,5,X8,504,101.28,18.94,1.12
shared,5,3,A2,54,20.26,5.45,0.22
shared,5,3,A3,90,27.66,9.09,0.31
shared,5,3,X1,4920,1898.73,853.47,20.99
shared,5,3,X12,288,66.65,26.48,0.74
shared,5,3,X13,408,47.22,70.78,0.52
shared,5,3,X3,828,285.25,62.52,3.15
shared,5,3,X6,216,74.26,19.86,0.82
shared,5,3,X7,216,68.31,13.74,0.75
shared,5,3,X8,504,101.28,18.94,1.12
shared,3,10,A2,54,20.26,5.45,0.22
shared,3,10,A3,90,27.66,9.09,0.31
shared,3,10,X1,3944,1683.2,684.17,18.6
shared,3,10,X12,288,66.65,26.48,0.74
shared,3,10,X13,408,47.22,70.78,0.52
shared,3,10,X3,828,285.25,62.52,3.15
shared,3,10,X6,216,74.26,19.86,0.82
shared,3,10,X7,216,68.31,13.74,0.75
shared,3,10,X8,504,101.28,18.94,1.12
shared,3,5,A2,54,20.26,5.45,0.22
shared,3,5,A3,90,27.66,9.09,0.31
shared,3,5,X1,3944,1566.8,684.17,17.32
shared,3,5,X12,288,66.65,26.48,0.74
shared,3,5,X13,408,47.22,70.78,0.52
shared,3,5,X3,828,285.25,62.52,3.15
shared,3,5,X6,216,74.26,19.86,0.82
shared,3,5,X7,216,68.31,13.74,0.75
shared,3,5,X8,504,101.28,18.94,1.12
shared,3,3,A2,54,20.26,5.45,0.22
shared,3,3,A3,90,27.66,9.09,0.31
shared,3,3,X1,3944,1520.24,684.17,16.8
shared,3,3,X12,288,66.65,26.48,0.74
shared,3,3,X13,408,47.22,70.78,0.52
shared,3,3,X3,828,285.25,62.52,3.15
shared,3,3,X6,216,74.26,19.86,0.82
shared,3,3,X7,216,68.31,13.74,0.75
shared,3,3,X8,504,101.28,18.94,1.12
