x15_tag,task,arm,lam,n_critic,seed,equal_experiment,equal_tag
X15_immune_discriminator_lmatched_lo_c1_s10_31fae131,immune,discriminator,matched_lo,1,10,X6,X6_immune_discriminator_lmatched_lo_c1_s10_cd4a0c58
X15_immune_discriminator_lmatched_hi_c1_s10_46070c2e,immune,discriminator,matched_hi,1,10,X6,X6_immune_discriminator_lmatched_hi_c1_s10_798b74bb
X15_immune_pooled_lmatched_lo_c1_s10_df296bb0,immune,pooled,matched_lo,5,10,X6,X6_immune_pooled_lmatched_lo_c1_s10_afe8db5a
X15_immune_pooled_lmatched_hi_c1_s10_5eeb0fc4,immune,pooled,matched_hi,5,10,X6,X6_immune_pooled_lmatched_hi_c1_s10_737989a5
X15_immune_discriminator_lmatched_lo_c1_s11_a43f1a13,immune,discriminator,matched_lo,1,11,X6,X6_immune_discriminator_lmatched_lo_c1_s11_4e00c436
X15_immune_discriminator_lmatched_hi_c1_s11_e43c0509,immune,discriminator,matched_hi,1,11,X6,X6_immune_discriminator_lmatched_hi_c1_s11_c8b6f89f
X15_immune_pooled_lmatched_lo_c1_s11_405c1c22,immune,pooled,matched_lo,5,11,X6,X6_immune_pooled_lmatched_lo_c1_s11_19f157bb
X15_immune_pooled_lmatched_hi_c1_s11_c630b534,immune,pooled,matched_hi,5,11,X6,X6_immune_pooled_lmatched_hi_c1_s11_1c993867
X15_immune_discriminator_lmatched_lo_c1_s12_b98f76ec,immune,discriminator,matched_lo,1,12,X6,X6_immune_discriminator_lmatched_lo_c1_s12_336b5e43
X15_immune_discriminator_lmatched_hi_c1_s12_f4066600,immune,discriminator,matched_hi,1,12,X6,X6_immune_discriminator_lmatched_hi_c1_s12_df270172
X15_immune_pooled_lmatched_lo_c1_s12_276d7f32,immune,pooled,matched_lo,5,12,X6,X6_immune_pooled_lmatched_lo_c1_s12_a5e4d58b
X15_immune_pooled_lmatched_hi_c1_s12_60d066ee,immune,pooled,matched_hi,5,12,X6,X6_immune_pooled_lmatched_hi_c1_s12_bedd3b80
