tag,host_fit,host_score,NMI_cluster/label,ARI_cluster/label,ASW_label,ASW_label/batch,PCR_batch,cell_cycle_conservation,isolated_label_F1,isolated_label_silhouette,graph_conn,kBET,iLISI,cLISI,hvg_overlap,trajectory,kbet_seed,kbet_r_calls,score_seconds
L_Q_sinkhorn_9,local_rtx3080,local,0.6652474643354399,0.361886285233546,0.5925549492239952,0.8254997580786023,0.7366936298252482,0.8026692053183518,0.8266014869218858,0.6608399581164122,0.9070963616040792,0.1426737908897396,0.0865031542737376,0.998652210445915,,0.8487732717818939,0,16,1106.6
A100_Q_sinkhorn_9,jhpce_a100,local,0.6736507192545026,0.4333633615683621,0.5972283184528351,0.8248776088819709,0.7502789701944899,0.8122800359742263,0.7844575159570089,0.658489890396595,0.9163749117462164,0.1264053766259861,0.0912913145493145,0.998678550511268,,0.8496415102945526,0,16,1134.1
L40S_Q_sinkhorn_9,jhpce_l40s,local,0.672884135477933,0.370274223629428,0.5905713737010956,0.8238512851600616,0.7468271127944835,0.7711482100199263,0.7410748812133975,0.6594026051461697,0.954414753086862,0.1260771402876149,0.0915747215720322,0.9983920857767165,,0.8583502777610972,0,16,1072.6
L_Q_sinkhorn_8,local_rtx3080,local,0.771306931733587,0.6069628447893024,0.604490764439106,0.8559045704000725,0.936084721581029,0.8811749484206498,0.8739595730876137,0.640916601754725,0.9766230486615586,0.1813758073898064,0.209883764023191,0.9953209131165168,,0.8511144350636953,0,16,1584.6
A100_Q_sinkhorn_8,jhpce_a100,local,0.7711065008009921,0.6093708678468626,0.6044796705245972,0.8554961769480368,0.938924449313115,0.8774660979161384,0.8552740263075505,0.6338292695581913,0.985096771673172,0.1843775045655645,0.2088080115172877,0.9962146045549596,,0.8412057498437664,0,16,1321.7
L40S_Q_sinkhorn_8,jhpce_l40s,local,0.7675180905385862,0.5979213659072747,0.6090154051780701,0.8524505056137942,0.9358809074052924,0.8777881089305832,0.8020960850331558,0.635069936979562,0.9736003689365498,0.1859568151115894,0.2069486768017689,0.9959074122071276,,0.8360300306834014,0,16,1353.0
L_Q_sinkhorn_4,local_rtx3080,local,0.7787994414564148,0.6153532556116255,0.6018580198287964,0.853665185720526,0.9482536360439832,0.8471439535852898,0.849983288038425,0.6317892495426349,0.9853605620260402,0.1816525201194663,0.1993781592232235,0.9967159147472086,,0.8454993563790127,0,16,1327.4
A100_Q_sinkhorn_4,jhpce_a100,local,0.7795071761187292,0.6126314569265064,0.6012791693210602,0.8515960766480055,0.9403610307699508,0.813439734715147,0.8444933724057396,0.6316151029895991,0.9729220590092597,0.1875269013383388,0.2009486089860953,0.9965523660952168,,0.8445434201452447,0,16,1386.1
L40S_Q_sinkhorn_4,jhpce_l40s,local,0.7750465172968881,0.6091562872357721,0.6061695888638496,0.8514499845121961,0.9537766181326948,0.8276620536045035,0.8521849072893233,0.6342914451670367,0.9848169521730986,0.1776230030529856,0.1954917182972922,0.9968710530958264,,0.8472013982909739,0,16,1401.7
L_Q_reference_3,local_rtx3080,local,0.6920394011362911,0.4284379072211817,0.5931003093719482,0.8360766173772285,0.8758190131840763,0.8106016605565898,0.8037812840767347,0.6322390434215777,0.9448108151043904,0.1472734597584808,0.1123145342267649,0.9977100492732848,,0.8406034408436437,0,16,1140.3
A100_Q_reference_3,jhpce_a100,local,0.6889043058186277,0.422296196362838,0.5954681187868118,0.8321754659973077,0.8670705040708838,0.8229597686411572,0.8183244167255583,0.6319962248890079,0.9410235327078204,0.1467992378730791,0.1120041929643857,0.9977169168196168,,0.8469589325400084,0,16,1204.0
L40S_Q_reference_3,jhpce_l40s,local,0.6843997371096193,0.3938193520520971,0.5973503291606903,0.8385716226274235,0.8796495272284341,0.7979678794726734,0.7510974689986121,0.6383540858514607,0.9458416638789066,0.1482153656610316,0.1118732350580933,0.9975119068160672,,0.8312169409091433,0,16,1260.1
L_Q_reference_5,local_rtx3080,local,0.7024898717752296,0.4266426409806948,0.5846229568123817,0.8243407445841007,0.84902232235798,0.705858369462724,0.8248190323964266,0.6711340025067329,0.934087425516739,0.1580819808441221,0.1140626295363136,0.998427629129658,,0.8526168449848106,0,16,1109.4
A100_Q_reference_5,jhpce_a100,local,0.703510431238316,0.4292286244134768,0.5881650224328041,0.82284238046469,0.8504200526270616,0.699878193116899,0.8326307214566979,0.6692072954028845,0.9202748230112322,0.1550221795981107,0.1071651914269102,0.9985586340476024,,0.8659181926810157,0,16,1150.2
L40S_Q_reference_5,jhpce_l40s,local,0.6931775451671883,0.4082463399084551,0.5851589813828468,0.8243432897593361,0.8486857938036142,0.7108555857117406,0.8254388537636187,0.6697066575288773,0.954923827799604,0.1591480081659855,0.1133224012983479,0.998224522606892,,0.8587837551869608,0,16,1082.5
L_Q_none_0,local_rtx3080,local,0.6884849580921008,0.4647448832853784,0.6159564554691315,0.8388268858182125,0.7782432146067676,0.6706742105683754,0.8121351349135223,0.6550103779882193,0.9287573190674724,0.1525758506544066,0.0956380631383496,0.9982587873109322,,0.8666601094294095,0,16,1143.4
A100_Q_none_0,jhpce_a100,local,0.6892033971179974,0.4675248702672234,0.6162263602018356,0.8373254033416581,0.7783116722733038,0.6844621509047311,0.7871679257629864,0.6542756482958794,0.9500390773420998,0.1462898617017882,0.0985182714240663,0.9983440089130804,,0.8687065221606944,0,16,1046.0
L40S_Q_none_0,jhpce_l40s,local,0.6886132888267343,0.4665361356834405,0.61625537276268,0.8367546084081584,0.7812886888547094,0.6554283749013134,0.7854870661728433,0.6558399898931384,0.9202998846967816,0.1505658278582506,0.1008801349298162,0.9982665673812392,,0.8655948312426136,0,16,1003.9
L_Q_sinkhorn_3,local_rtx3080,local,0.6711181228982359,0.3581253085505803,0.5909890681505203,0.8229663381494333,0.737985523112051,0.8206149779100473,0.826093607665568,0.6571850702166557,0.9110142089758356,0.1278608925727054,0.0880407528518641,0.998136147005219,,0.8673778054166469,0,16,1034.9
A100_Q_sinkhorn_3,jhpce_a100,local,0.6751034523823926,0.4227567023367527,0.5911476388573647,0.8231521849557968,0.7350592050988667,0.8053594621964779,0.757942219383039,0.6479294458404183,0.9062697825253692,0.122746264068557,0.0848239203076473,0.9982300336169758,,0.8632231180334062,0,16,1085.6
L40S_Q_sinkhorn_3,jhpce_l40s,local,0.6759736942604434,0.4217085588929551,0.5867458209395409,0.8205933000884575,0.7275609241284631,0.8047723384283628,0.8374685109955924,0.6519317291676998,0.924147386753903,0.129206205093344,0.0850947638848068,0.9980654461758914,,0.8641775818663946,0,16,1108.3
L_Q_pooled_0,local_rtx3080,local,0.7626448255161724,0.6179052752073311,0.6028870195150375,0.86038873498204,0.9672336951885392,0.8175834738128674,0.8392283204972484,0.6373649705201387,0.9840200579881556,0.1931065822593056,0.1641556953191701,0.9967407904149188,,0.8471231899230476,0,16,1147.7
A100_Q_pooled_0,jhpce_a100,local,0.746150610053442,0.5631509586501956,0.6012468561530113,0.8635886924157327,0.9705701501876396,0.8313663276584544,0.8480119847154125,0.6369300440419465,0.9853634532224056,0.1877975483007598,0.1610160137407826,0.9965333978331842,,0.8420554371849474,0,16,1190.7
L40S_Q_pooled_0,jhpce_l40s,local,0.7577155068662714,0.6012543084593817,0.6011011302471161,0.8638843279133361,0.968528353830304,0.8327976642653981,0.8462205097965505,0.6377561572007835,0.9834862529114592,0.1846678498465265,0.1652004077832636,0.9966117329693708,,0.8486410144667909,0,16,1210.5
L_Q_mmd_1,local_rtx3080,local,0.6658427131652243,0.3589188498010086,0.5979908257722855,0.8061649137559832,0.7061495823470243,0.6502846930091146,0.8152265583799883,0.6537924632430077,0.9329802545705316,0.1303773296887385,0.0811670856157781,0.99834338599397,,0.8643160173417195,0,16,1135.8
A100_Q_mmd_1,jhpce_a100,local,0.658705180370755,0.3552428352735952,0.5974445268511772,0.806623929765586,0.7082157735099387,0.6454381109577576,0.8022780488598635,0.6529535036534071,0.9098940197048472,0.1397287124063848,0.0803590096017783,0.998426582124656,,0.8653085610870141,0,16,1066.5
L40S_Q_mmd_1,jhpce_l40s,local,0.6661226297321122,0.4264168792005913,0.5986444428563118,0.8084317254145739,0.7152886694930364,0.6495561205127653,0.8200543967701209,0.6525614699348807,0.932405622188659,0.1377522241744601,0.0807770187753263,0.9982448106608734,,0.8625617372915061,0,16,1051.1
L_Q_sinkhorn_7,local_rtx3080,local,0.6833256140637454,0.3583135214534431,0.5972759947180748,0.8244813346777538,0.7325795123784005,0.812848185570618,0.8305804039737907,0.6504950216040015,0.9241800533957564,0.1214368169244265,0.0885437772569617,0.9987518287675524,,0.8534761749074071,0,16,1118.5
A100_Q_sinkhorn_7,jhpce_a100,local,0.6639235653648601,0.2718846243205601,0.5977292731404305,0.8142155087466629,0.7182688749061432,0.788659788627023,0.7464172270251236,0.6473520137369633,0.9146984804868404,0.134574651606076,0.0900791729430447,0.9989303724867938,,0.8431339962964639,0,16,1044.3
L40S_Q_sinkhorn_7,jhpce_l40s,local,0.6832159959180675,0.3826390660837087,0.5981769263744354,0.8242166768637434,0.7395209898910791,0.8436931873233473,0.7591186562889842,0.6568460762500763,0.9146826076013628,0.1295915329232828,0.0852677087093531,0.9990641895996744,,0.8554436531674812,0,16,1003.2
L_Q_none_1,local_rtx3080,local,0.7388152641683405,0.623384001834556,0.6052577570080757,0.8388023309089405,0.7745687727815255,0.6889686012820658,0.7876435425708967,0.6481625875458121,0.9108838150536702,0.1639397309598942,0.1112589487433597,0.997869737800118,,0.8753363393004613,0,16,1028.7
A100_Q_none_1,jhpce_a100,local,0.710041680516866,0.4623097209812515,0.6058834865689278,0.8377486267431343,0.7771591752013488,0.6912473028848808,0.7940225611129221,0.646453557536006,0.9199964927185432,0.1644624150376061,0.1145663087502687,0.9976978950768696,,0.8764274456959901,0,16,1066.2
L40S_Q_none_1,jhpce_l40s,local,0.7149365100107788,0.5045241080638181,0.6057952418923378,0.8383800670044426,0.7794808630015856,0.7021362311976522,0.8081439557316628,0.6470090914517641,0.919185001256031,0.1640546403784437,0.1109477248149515,0.9977786908162388,,0.8729412215338244,0,16,1109.4
L_Q_discriminator_3,local_rtx3080,local,0.6457635438720732,0.4010933890046321,0.5443394146859646,0.812601351292692,0.190976021197169,0.7759515171041038,0.7772325768997221,0.5992719765927177,0.90492811780191,0.1916220057204374,0.1239335229732843,0.9929745802624296,,0.8674593466115683,0,16,1172.7
A100_Q_discriminator_3,jhpce_a100,local,0.6599281421294015,0.4333337796957336,0.5376511514186859,0.818638255533146,0.3057592379948038,0.7824515918971418,0.7993753169552328,0.5941961270291358,0.9292002446284412,0.1950270382845922,0.1267650051669969,0.9932101606211678,,0.8671478921601113,0,16,1138.6
L40S_Q_discriminator_3,jhpce_l40s,local,0.6566356517144271,0.4724067047706281,0.543244443833828,0.8122158838024096,0.2824884916508243,0.6996490896062018,0.7968734298242451,0.5964712016284466,0.900998710440436,0.1889657860444263,0.1228557945928225,0.9929926206471466,,0.8665587367945393,0,16,1134.6
L_Q_discriminator_5,local_rtx3080,local,0.7091986980962588,0.5660241565013446,0.5425491146743298,0.8062431176783029,0.5100663127809136,0.8290698677295788,0.7661901965182778,0.620513218738779,0.9630365512973496,0.163881262179223,0.1213150445277466,0.9954828139146376,,0.8628844956577255,0,16,1138.3
A100_Q_discriminator_5,jhpce_a100,local,0.6993547620013383,0.564299728926132,0.5310371182858944,0.79823744344594,0.4527403701616964,0.7628538974882073,0.7542690279206514,0.6217208500020206,0.9471678644221538,0.1641227215641469,0.1231563301626141,0.9953947416457344,,0.8655283249771133,0,16,1139.9
L40S_Q_discriminator_5,jhpce_l40s,local,0.7083351038306185,0.563897050498357,0.5335767567157745,0.8028990532343179,0.4803503376799111,0.7453704973008671,0.7814297699127133,0.6063929134979844,0.9646175599360908,0.1782907584896111,0.1268708404557486,0.9959048630066804,,0.8715021956011255,0,16,1168.4
L_Q_discriminator_7,local_rtx3080,local,0.666621904425381,0.4357377585034289,0.4787888526916504,0.7872583850633135,0.4086461418127103,0.5734511554464314,0.8410564641557676,0.5773445288650692,0.9575985312185906,0.2083448435911108,0.1321075772863665,0.995005877246184,,0.6559636699534801,0,16,1205.1
A100_Q_discriminator_7,jhpce_a100,local,0.658361345822737,0.4364461555341571,0.475536311045289,0.7922175295086689,0.3643504507544568,0.5430146319416715,0.771446275148858,0.5866827566642314,0.955178361270302,0.2092395165553053,0.1250041396241424,0.9953603732880624,,0.6423740751276246,0,16,1074.8
L40S_Q_discriminator_7,jhpce_l40s,local,0.6630482406740756,0.4483935855323338,0.494979431387037,0.7913296209456531,0.3936086253908448,0.6359630762817672,0.837303282036673,0.5858184448443353,0.9433098647581604,0.2004411512441701,0.1263597723180306,0.9947777193492794,,0.8730306245040159,0,16,1069.5
L_Q_pooled_2,local_rtx3080,local,0.7541283829537051,0.558118577375097,0.6038529351353645,0.8606341455228697,0.9685600657072204,0.8201435794596655,0.8334607268157852,0.6258146911859512,0.9837846474547484,0.1715539728709517,0.1613087773661514,0.9965427128618006,,0.854911288665404,0,16,1274.0
A100_Q_pooled_2,jhpce_a100,local,0.7740880818991892,0.6108231322408487,0.6029369831085205,0.8610307868055687,0.9681326121770868,0.8049944738711531,0.7645354980214873,0.6231191474944353,0.9684513358347664,0.1785769238020973,0.1616411049099027,0.9966653551779144,,0.8544526817116943,0,16,1207.2
L40S_Q_pooled_2,jhpce_l40s,local,0.7708400635798428,0.6082941205232879,0.6061737313866615,0.8622096939050752,0.9697422596051184,0.8333494764988902,0.8398424568454602,0.6171677969396114,0.9738074547524784,0.1773985173798716,0.167434325593222,0.996918934671731,,0.8455787873788756,0,16,1217.3
L_Q_pooled_5,local_rtx3080,local,0.7021578489612986,0.4065201309124701,0.6073412373661995,0.8344460452316245,0.8571650952615477,0.7476569541821694,0.8429673056518234,0.6573934704065323,0.91697289281147,0.1427754325568648,0.104997069210768,0.9989601019942276,,0.8545972180955608,0,16,1087.8
A100_Q_pooled_5,jhpce_a100,local,0.6946966706168376,0.4700315653144331,0.6055724769830704,0.8416216191549641,0.8562271648506072,0.7670286865059078,0.8311929198337963,0.6574178542941809,0.9431986638663956,0.1423082757213364,0.10192872682527,0.9991070783860244,,0.8606208362735379,0,16,1162.8
L40S_Q_pooled_5,jhpce_l40s,local,0.6894990280239707,0.4688376671742465,0.606459341943264,0.8379609432721503,0.8668427042168911,0.7809880628618431,0.8358677216676478,0.6577984392642975,0.9235092491560336,0.1465625212900363,0.1042773755604439,0.9990671017418504,,0.8575269662632129,0,16,1126.1
L_Q_mmd_2,local_rtx3080,local,0.7063388190969279,0.5309775238068727,0.6030491814017296,0.8326179713074829,0.8039957371505405,0.5552144714258784,0.820386268432764,0.6514506218954921,0.909295005534305,0.1606433698467707,0.1176648529702584,0.9958423080197084,,0.8650226551804145,0,16,1107.4
A100_Q_mmd_2,jhpce_a100,local,0.7031031365224415,0.5006621904214056,0.6023581102490425,0.8333210940699669,0.809053638998262,0.5497022550240338,0.8173973672670911,0.65083809196949,0.9096648704425304,0.1578011769820849,0.1202743903991822,0.9942856749135646,,0.8588009077822321,0,16,1009.5
L40S_Q_mmd_2,jhpce_l40s,local,0.7077556339139054,0.4874678958698928,0.6036734655499458,0.8346279478356546,0.8063725448801408,0.5693799434270248,0.8271609462739508,0.6519211297854781,0.9089663911190986,0.1636476244594834,0.1224083102340911,0.9948964604467702,,0.8614911857581334,0,16,1131.6
L_Q_barycenter_9,local_rtx3080,local,0.6238909942466975,0.3654793230182021,0.5128147173672915,0.8136419828619417,0.9193156564800826,0.6250848146309842,0.7700330174475987,0.5799441393464804,0.955017719008434,0.1831754440958941,0.1057338416207196,0.9968495519186004,,0.8767628411705211,0,16,990.9
A100_Q_barycenter_9,jhpce_a100,local,0.647626852639215,0.3769605410478854,0.5211093593388796,0.8143017992028349,0.914433646323008,0.5695239355574335,0.7450141709553366,0.5813000537455082,0.9576032718728632,0.1622046453240431,0.1027083406363412,0.9965502449358358,,0.8774578403480926,0,16,1060.3
L40S_Q_barycenter_9,jhpce_l40s,local,0.6286701915817815,0.3635552024414928,0.5001375465508318,0.8125674781679371,0.9346225817649894,0.5808376313324659,0.7609156950019029,0.5748525504022837,0.9732495259537016,0.1692431594761705,0.1094680247337443,0.995805821722792,,0.8781755705974905,0,16,1088.8
L_Q_discriminator_0,local_rtx3080,local,0.741901704742587,0.5368924568273445,0.5458996221423149,0.7991445439173158,0.490216244543862,0.7224469948956116,0.7889438566065179,0.5736103253439069,0.9527113605091604,0.2004758940216819,0.1953857236882011,0.996540935019075,,0.8932106622879012,0,16,1163.4
A100_Q_discriminator_0,jhpce_a100,local,0.7469003359471451,0.5977327436633179,0.5613931342959404,0.807497949145874,0.6040219685505444,0.7278947039196754,0.7815572705862082,0.5813278872519732,0.9708824856243524,0.1838082730407957,0.1892971359261333,0.9961725864128606,,0.8905650393367298,0,16,1181.7
L40S_Q_discriminator_0,jhpce_l40s,local,0.7401883455802932,0.5245732546339814,0.5413120910525322,0.79948884662313,0.455860982611546,0.6732792021399556,0.7971731999860908,0.5779161471873522,0.9582367722442906,0.1930892149789362,0.2014820624587536,0.9958352228326448,,0.8994989365464614,0,16,1192.9
L_Q_barycenter_5,local_rtx3080,local,0.6450503564209865,0.4205823344419012,0.5378073193132877,0.820535233310598,0.9026591567990736,0.4906674710505685,0.7279371387952476,0.5167125333100557,0.9557480113965592,0.1757716126576042,0.1079805253100323,0.996582168993096,,0.4818438023211917,0,16,1185.0
A100_Q_barycenter_5,jhpce_a100,local,0.6381304078660874,0.4128181526282857,0.5384326204657555,0.8134694566326792,0.8770130853822081,0.5066231255212963,0.7435105937283579,0.5351430680602789,0.9534768894196,0.1824240050433577,0.1077384010699899,0.996599167255324,,0.6228925767019614,0,16,1044.6
L40S_Q_barycenter_5,jhpce_l40s,local,0.644621922706243,0.4244518009242091,0.5351599305868149,0.8095966527190129,0.8965531185109807,0.4469651773795137,0.7467603627698685,0.5077281631529331,0.9286230138858008,0.1762078207785313,0.1079951797228834,0.9968914926450086,,0.5296639244299843,0,16,1107.4
L_Q_discriminator_1,local_rtx3080,local,0.6927602494155753,0.5298841518771085,0.538961187005043,0.8134833775814475,0.4134093494050897,0.7534157931877148,0.7829205569249772,0.5871554939076304,0.9361146415192636,0.1804644011661847,0.1216908760303886,0.9921963475659986,,0.8743051048522148,0,16,1061.9
A100_Q_discriminator_1,jhpce_a100,local,0.6977967111516589,0.5402271044834919,0.5338935144245625,0.8120634234748156,0.4436885259670285,0.7732785821637685,0.7818761472184662,0.5800304878503084,0.9281160342807228,0.169021033851997,0.1185546660629668,0.9922132057333308,,0.8727739374639716,0,16,1078.2
L40S_Q_discriminator_1,jhpce_l40s,local,0.6694641615036645,0.4709423393580898,0.5304718017578125,0.8079946589215614,0.4904226616720076,0.776101458928075,0.8192388735282615,0.5938920392654836,0.9646611206376352,0.1762513345502815,0.119720570704795,0.9911055648064112,,0.8747382883284225,0,16,1057.3
L_Q_pooled_4,local_rtx3080,local,0.7773151042637337,0.6156130724884078,0.5982207804918289,0.8697892633076922,0.972051907291656,0.7127479583498078,0.8343802529798826,0.6131945988163352,0.9628218216253804,0.1700854154420114,0.1453465318922168,0.9958261465372906,,0.8492839587285238,0,16,1190.5
A100_Q_pooled_4,jhpce_a100,local,0.7562772865111161,0.6026503230899003,0.5969490483403206,0.8650395117561551,0.965232268062533,0.6868593182314171,0.8313829224432037,0.6173843033611774,0.9665203535407068,0.1683711381699406,0.1529173974860306,0.9958573880098724,,0.8525752533270472,0,16,1213.5
L40S_Q_pooled_4,jhpce_l40s,local,0.7555392269955944,0.6021899936784708,0.5941101312637329,0.8671528261257724,0.9629381538805168,0.7052213126850279,0.8260332198127248,0.6103589283302426,0.964425376683956,0.1700262984858696,0.1458663359640183,0.9957233064464428,,0.8499596059957968,0,16,1175.4
L_Q_pooled_1,local_rtx3080,local,0.7247089284426758,0.5584186948869585,0.5980164855718613,0.8455734243847842,0.8849949512957762,0.8294725423755807,0.8260212464273811,0.6253173283184879,0.9183631338604604,0.1625526450557544,0.1116372055142044,0.99777645900727,,0.8533231748084524,0,16,1083.8
A100_Q_pooled_1,jhpce_a100,local,0.6988491039031862,0.4727077669056424,0.5975414589047432,0.8393097298651484,0.875624977554655,0.8298985828924043,0.8467781061851021,0.6247425191686489,0.920007313949158,0.1594968587304458,0.1106303051177844,0.9976271164920846,,0.8517935566880913,0,16,1066.1
L40S_Q_pooled_1,jhpce_l40s,local,0.6941437288102695,0.4691217815627864,0.5990515127778053,0.8439383265169187,0.8817755839107166,0.8255666357849505,0.8303194971648971,0.6244561136700213,0.9334268471928102,0.1631671470298821,0.1128370776455352,0.9976987273697392,,0.851930552699236,0,16,1115.3
L_Q_mmd_4,local_rtx3080,local,0.761529368107932,0.5959197520063901,0.6150101199746132,0.8479463311848394,0.788226215665644,0.65577118544814,0.807448575542469,0.6423608020413667,0.9592427513370844,0.1549749259655224,0.1334135298315019,0.9986013671818909,,0.8671450549681177,0,16,1057.1
A100_Q_mmd_4,jhpce_a100,local,0.760514910922912,0.5965611276166746,0.6156889870762825,0.8480196497457259,0.7954331249342923,0.6614852344493234,0.8099038196186594,0.6382613729219884,0.948689940051308,0.1566525178645776,0.1345986128349303,0.9987772236489488,,0.8703954699342114,0,16,1033.7
L40S_Q_mmd_4,jhpce_l40s,local,0.7376937625331327,0.5674913022055549,0.6129343882203102,0.8494692266182393,0.7784809645593053,0.6484810441396055,0.8085751869761225,0.636429424630478,0.9147802404056948,0.1555365044507384,0.1333615031056202,0.9982023661430632,,0.8672692824588204,0,16,1103.0
L_Q_mmd_5,local_rtx3080,local,0.6606730962515796,0.3470496031550408,0.5922211781144142,0.8036005241050406,0.6917657036741928,0.5632061758818355,0.7860270824223438,0.6539172604680061,0.912861054673199,0.1531505958817451,0.0798494601855144,0.9979741142192882,,0.8678826164118167,0,16,885.8
A100_Q_mmd_5,jhpce_a100,local,0.6605610658504162,0.3540504564895684,0.5939213559031487,0.8109492031644039,0.6926316619869272,0.6344594081933862,0.814053949816673,0.654880952090025,0.9433627282421052,0.1459888922355968,0.0810367887595579,0.998211065099164,,0.8719579744050496,0,16,976.1
L40S_Q_mmd_5,jhpce_l40s,local,0.6650001680189179,0.4300846480814789,0.5929940938949585,0.8090956677367898,0.6923477444355746,0.6337732106703566,0.8032396469137767,0.6534471474587917,0.9539997704974308,0.1458491744613723,0.0809738390983531,0.9982443405494174,,0.8683343565255384,0,16,898.4
L_Q_mmd_7,local_rtx3080,local,0.6711946563683003,0.4222327969854551,0.5955258160829544,0.8072538944830822,0.7303049169226683,0.7032923487233618,0.7312298494985309,0.6633620299398899,0.919816479594705,0.1194498233432698,0.0742886739884532,0.9981038887206588,,0.8708089725363322,0,16,1053.0
A100_Q_mmd_7,jhpce_a100,local,0.6548706606899222,0.3484341843046925,0.5960598140954971,0.8064275914410584,0.7276823291487388,0.7018250475030616,0.7719486880796657,0.6636551925912499,0.9191983679527252,0.1243430753454798,0.0762545260246617,0.9978328001650276,,0.8698450789546615,0,16,918.1
L40S_Q_mmd_7,jhpce_l40s,local,0.6591053427283268,0.3581913155177116,0.596886083483696,0.8068309171368705,0.7225233001778762,0.7073899836782145,0.7814134643201563,0.6650479510426521,0.9201808550470194,0.1199970769972067,0.0728666504320828,0.9977415365929868,,0.8687570903499683,0,16,945.2
L_Q_pooled_7,local_rtx3080,local,0.6770104945586609,0.426992317732552,0.5859758108854294,0.8367959132139321,0.8590158438249313,0.7078702687535986,0.8245194285719921,0.6397119397297502,0.9178954903156904,0.1525553822177617,0.0963363989545552,0.9981972966059676,,0.8573439388087448,0,16,1017.8
A100_Q_pooled_7,jhpce_a100,local,0.6984172658297015,0.5377417381527655,0.5882491767406464,0.8379984625494843,0.8803994019946121,0.7150274764964667,0.8160557764649666,0.6470656096935272,0.9423966386966538,0.1345316035554936,0.0939628773432086,0.998330952474986,,0.8550522119223871,0,16,950.5
L40S_Q_pooled_7,jhpce_l40s,local,0.68142858436397,0.3939028764872687,0.585582472383976,0.844831636358713,0.8625295951274784,0.7005031617489881,0.8323801127305086,0.6418543430045247,0.9488603288128608,0.1324716591603554,0.0999067862723363,0.9979955460459426,,0.8545057815502197,0,16,975.1
L_Q_sinkhorn_0,local_rtx3080,local,0.7720255377677778,0.6073421593543813,0.5982141345739365,0.8561798757726727,0.9372710139345632,0.7676125020039734,0.7487644884066561,0.6436072662472725,0.9724510653145968,0.1777166916920317,0.2144837575281909,0.9958190961397329,,0.8596241724537718,0,16,1092.3
A100_Q_sinkhorn_0,jhpce_a100,local,0.7707169088105551,0.6057450695849563,0.5998034924268723,0.8566954300801093,0.9441491177074351,0.7942323820617327,0.8064741914237136,0.6469806247041561,0.9664054668349162,0.1752026278844489,0.2050059051941882,0.9965568836922202,,0.854418676330008,0,16,1154.8
L40S_Q_sinkhorn_0,jhpce_l40s,local,0.7763289412243766,0.606542300654162,0.5987119227647781,0.8563860816582021,0.942284130221895,0.7957239084820781,0.8320587482692429,0.6432864288799465,0.970957191656928,0.1818231448049312,0.2120952322135424,0.9957870203316104,,0.8525938228710714,0,16,1167.3
L_Q_scvi_adv_1,local_rtx3080,local,0.7212707639600343,0.531255729785889,0.6107878610491753,0.8371819929172768,0.7829461073726064,0.7226352037024465,0.8060095775623126,0.6423083497211337,0.949038396256224,0.1518496203700106,0.1260792324892951,0.998459577766242,,0.8692729837427642,0,16,1033.6
A100_Q_scvi_adv_1,jhpce_a100,local,0.7348356519035296,0.625489811665739,0.6127885803580284,0.8375907112006319,0.783460777153567,0.7393233759763905,0.8011367336539041,0.6457801102660596,0.9226959165065498,0.1487770825174983,0.1256260755138303,0.998656105928478,,0.8704679629658675,0,16,1074.2
L40S_Q_scvi_adv_1,jhpce_l40s,local,0.7305418939970174,0.6172999199739998,0.6117912605404854,0.8358838494510304,0.7796521975375809,0.7249285401926736,0.7942426095918973,0.6398255082312971,0.9201010387229492,0.1568006144873559,0.1271484047742962,0.99856630981399,,0.8688522100049176,0,16,1000.7
L_Q_mmd_0,local_rtx3080,local,0.7195953662720226,0.5379511972990141,0.6180660575628281,0.845113432319977,0.8281056099618465,0.6458998018219033,0.8264625561872865,0.6508159535005689,0.9498003890300912,0.1600653169837327,0.1203572536935823,0.9981756553472828,,0.8706073936750884,0,16,1015.8
A100_Q_mmd_0,jhpce_a100,local,0.7099620496141581,0.5020258097415816,0.6152313351631165,0.8433790715036611,0.8203730488164522,0.6655284067854869,0.8145248805687859,0.6490812348201871,0.9318724235153116,0.1659003913687955,0.1204766135358335,0.998089713995567,,0.8710780335108329,0,16,1028.0
L40S_Q_mmd_0,jhpce_l40s,local,0.7163123828313669,0.5229709634613755,0.6172265335917473,0.8448189247188879,0.8233467632823785,0.6639130657591187,0.8265630578108013,0.6503849229775369,0.93451399547294,0.1594801616287349,0.1212254834616923,0.9982416623739584,,0.8705154689207992,0,16,1003.1
L_Q_scvi_adv_0,local_rtx3080,local,0.7503911887993148,0.6615557680233215,0.6199480220675468,0.8398658972871964,0.7576641201115677,0.7695503048634352,0.7969023755748155,0.661802981980145,0.9213305439067484,0.1433641516044557,0.1168423277660169,0.9983939486064785,,0.8752813204811569,0,16,1008.9
A100_Q_scvi_adv_0,jhpce_a100,local,0.7429213386535318,0.6479580034140443,0.6226351335644722,0.840733551947844,0.765852348703472,0.7705784789891568,0.7988110084002945,0.661210517399013,0.9117985440983442,0.1424047034659383,0.1171222794842556,0.9985435179026544,,0.8721674755812845,0,16,1029.5
L40S_Q_scvi_adv_0,jhpce_l40s,local,0.7230335696114003,0.5420503965266971,0.6204188391566277,0.8389389287754131,0.7571681801504672,0.7537123805585093,0.7939695353707196,0.6611159341409802,0.9105290534418397,0.1488392005406268,0.1145510044003526,0.9984635602479878,,0.876959301930109,0,16,1032.0
L_Q_barycenter_4,local_rtx3080,local,0.663367373332788,0.4282156788587691,0.4933941564522683,0.7930350158093677,0.9861085605622906,0.4604400588302944,0.7269705156915705,0.5359823270700872,0.9689937486041056,0.1982205846289033,0.1832664245116131,0.99294695024455,,0.8629622702543545,0,16,1070.1
A100_Q_barycenter_4,jhpce_a100,local,0.6620725218222591,0.4177940633478569,0.4856008933857083,0.7860660614477081,0.9745218128708276,0.4817588602003142,0.7189644979349151,0.5313976785109844,0.9743286438299954,0.1963828037326758,0.1815076060591317,0.992942128119366,,0.831684257542094,0,16,968.8
L40S_Q_barycenter_4,jhpce_l40s,local,0.6635820292848235,0.3940279251158229,0.4891087049618363,0.7920896789397907,0.9862525623183784,0.4863373245663919,0.7339971265403054,0.5333484672009945,0.954578062318879,0.1897629603252792,0.1799011690095584,0.9925127329802236,,0.8487155971668183,0,16,1025.0
L_Q_reference_6,local_rtx3080,local,0.7492510371742335,0.5944005210415915,0.5986076220870018,0.8666813981102879,0.972764059569348,0.697471094085554,0.7524650356481468,0.6151774836907862,0.98178731098809,0.14924174774113,0.1361568668456093,0.9973070536892232,,0.8725225615535825,0,16,1070.2
A100_Q_reference_6,jhpce_a100,local,0.7550777643359144,0.5972243835640197,0.601712666451931,0.8668011566481282,0.975311990637919,0.7036011123526571,0.8228555974551828,0.6197425125865266,0.9734304619700038,0.144035687657446,0.132939907520971,0.9968795232762684,,0.8689760439858323,0,16,1074.0
L40S_Q_reference_6,jhpce_l40s,local,0.7527490448901238,0.5984183838151008,0.6003250852227211,0.8703441963510417,0.9742636552278916,0.7260750019339577,0.8226651644394507,0.626969330245629,0.9832007732847422,0.1489477561670964,0.1395658669768385,0.996593799846324,,0.8697009616803766,0,16,1156.8
L_Q_barycenter_1,local_rtx3080,local,0.6350143224155465,0.3613080461790893,0.5084382807835937,0.8098365288478943,0.90920442534548,0.6373076570064371,0.8016733948163635,0.5582905123010278,0.9600010508826464,0.1926683215766201,0.1116505996331922,0.9942368616538444,,0.8940389862713916,0,16,950.2
A100_Q_barycenter_1,jhpce_a100,local,0.6166807322059809,0.3128143060943011,0.5139337563887239,0.8107959212216449,0.8951411414637906,0.7003811672896773,0.7659305844607929,0.5624863519333303,0.9663810668268644,0.1793676918859181,0.1093794690460175,0.9939970180251708,,0.8883186600716427,0,16,917.6
L40S_Q_barycenter_1,jhpce_l40s,local,0.6340920624218807,0.3750248423113647,0.5133057944476604,0.810762572699053,0.8929573316847627,0.723656189253644,0.7645879108327835,0.5611028964631259,0.9076769282958066,0.1889583045130949,0.1091776209559746,0.993844112065956,,0.893992190220914,0,16,927.4
L_Q_sinkhorn_1,local_rtx3080,local,0.6806572539350445,0.4266817715803366,0.5977589935064316,0.8191109204823508,0.720978854685968,0.711521307302764,0.8108228376936629,0.6437534196302295,0.908189958981126,0.1349623858543662,0.0880406839440706,0.9984297588689278,,0.8633637672538412,0,16,1021.0
A100_Q_sinkhorn_1,jhpce_a100,local,0.6730638721927918,0.43864363070816,0.601082056760788,0.8149725986999312,0.7198799927374883,0.7043532264146823,0.7983082208160204,0.6465199822559953,0.9384673629536306,0.1296374830132476,0.0880958741924808,0.9984447688780412,,0.8535359594174889,0,16,990.2
L40S_Q_sinkhorn_1,jhpce_l40s,local,0.6695801493074414,0.4377161420071441,0.6036869958043098,0.8263799057737826,0.7561942810089215,0.6999986503520119,0.8182566007961602,0.6526746787130833,0.9117871898490646,0.1270519729668962,0.0961285900052015,0.9986900034699506,,0.8670582452460482,0,16,923.7
L_Q_discriminator_4,local_rtx3080,local,0.7392673946556811,0.5377394083265588,0.5510670393705368,0.7955578688396152,0.5250104761324746,0.6182862869670219,0.7387918921917365,0.5717130769044161,0.93183895974634,0.1890175999411962,0.1929612098541714,0.9958445439794884,,0.872529249490367,0,16,1152.0
A100_Q_discriminator_4,jhpce_a100,local,0.7469015734463759,0.5719999341457469,0.5561626106500626,0.8037506690362317,0.6447503276465675,0.5007173158882058,0.7581957570264948,0.5773154515773058,0.9846631964261688,0.1816373278728145,0.1870115983167913,0.9961872827991428,,0.8722131042083971,0,16,1038.2
L40S_Q_discriminator_4,jhpce_l40s,local,0.7446796535190527,0.6043483817089643,0.5506445541977882,0.7981504820971781,0.6183494922541105,0.4590160166355764,0.802620755091892,0.5750784240663052,0.9596812225648592,0.1780813979910083,0.1824958814508418,0.9962120891365164,,0.8750094754118001,0,16,1129.0
L_Q_pooled_3,local_rtx3080,local,0.743705207021895,0.5766440751379549,0.6041391044855118,0.8489085977408325,0.9038174299102176,0.7677153779432023,0.8267546230646143,0.653388412669301,0.9401790755418036,0.1697857334341265,0.1123779257861206,0.9982381437727288,,0.8566861161850027,0,16,1043.3
A100_Q_pooled_3,jhpce_a100,local,0.705472284665062,0.5420978524040156,0.6033847853541374,0.8435683362013975,0.8968002534328209,0.7618698918785034,0.8272440219561954,0.6507704704999924,0.9149152018184395,0.1598598062082197,0.1052974643317769,0.9979372522081776,,0.8592511305834398,0,16,1056.4
L40S_Q_pooled_3,jhpce_l40s,local,0.7144700393300983,0.4664388246691003,0.6036519259214401,0.8458478013957804,0.8909277320371095,0.7909481601458539,0.8258998773645796,0.6448573893867433,0.9425381880987428,0.1634163529156947,0.1113232751014339,0.9983828829115836,,0.8675422720401964,0,16,1002.9
L_Q_barycenter_2,local_rtx3080,local,0.6912167563378651,0.4965995207678187,0.5213833563029766,0.7773038891893119,0.985817309882406,0.5980083338782853,0.7946642025655778,0.583339782897383,0.9639314968062432,0.1610545864354742,0.1730810652713178,0.9957909643238116,,0.8728820417476746,0,16,1022.0
A100_Q_barycenter_2,jhpce_a100,local,0.7001318983912964,0.5436902640747578,0.5176058523356915,0.7755360784067429,0.9790103447677352,0.5971646530930996,0.7980035501141065,0.5846421313472092,0.9693545792772038,0.1561288638691613,0.1682907760705914,0.9961780256387756,,0.8621310471374402,0,16,1094.7
L40S_Q_barycenter_2,jhpce_l40s,local,0.7315361323956033,0.5854867470980505,0.5153453052043915,0.768466075179005,0.9655770879249728,0.5517884146166872,0.7630187259372854,0.5755487508140504,0.9580796756916858,0.1490267098270845,0.1727285446770344,0.9953908578603322,,0.8853875356533643,0,16,999.8
L_Q_discriminator_9,local_rtx3080,local,0.6834267991927724,0.4758655838510694,0.5168119873851538,0.7865868822337158,0.315994582749676,0.8510971034151462,0.7543632439995192,0.5686393100768328,0.9089551372047262,0.1827738725823688,0.1391558736358183,0.9946602566175046,,0.8647860852659366,0,16,1021.4
A100_Q_discriminator_9,jhpce_a100,local,0.6699573614472332,0.452527757921243,0.5151347238570452,0.787895811299967,0.3813335072537748,0.7306283043717283,0.7507571150743532,0.5781567953526974,0.9499109272365642,0.1755092510192442,0.135308664663649,0.9942372332915492,,0.8709199903869049,0,16,1013.0
L40S_Q_discriminator_9,jhpce_l40s,local,0.6572212768844603,0.4413584595481069,0.5103529058396816,0.7868282062994753,0.2760539981700114,0.7219526793506763,0.8013820754082501,0.5996879898011684,0.9310274328265664,0.1803440198289412,0.1264311898445345,0.9936081216111148,,0.8760807275899365,0,16,1080.8
L_Q_reference_8,local_rtx3080,local,0.736523011754824,0.5388864696818549,0.5975453481078148,0.8614755212610343,0.9711162394930142,0.7473668552047067,0.8383346131396991,0.5984577042981982,0.9625864812506169,0.1438756177625718,0.1395572229215299,0.9972562867383598,,0.8536386752124463,0,16,1050.4
A100_Q_reference_8,jhpce_a100,local,0.7665135972239514,0.6360605714933812,0.596877284348011,0.8647132027962813,0.9702854393039312,0.759270219173151,0.7728593891958124,0.5974582079797983,0.9646690550773652,0.1534619316021175,0.148470847059986,0.9976880856151038,,0.8549655861493979,0,16,1073.5
L40S_Q_reference_8,jhpce_l40s,local,0.7283586514421793,0.5225863134160498,0.5896232724189758,0.8625975200194615,0.9705897438553436,0.768253780260965,0.8299607426731712,0.6176926619373262,0.9640062150218552,0.1258786117243681,0.1430649589261952,0.9971509204668252,,0.8561797876655106,0,16,1074.6
L_Q_reference_4,local_rtx3080,local,0.7535027901644441,0.596075755396165,0.5864846929907799,0.8590231673194336,0.9659060518474528,0.7166340310990715,0.7909819852439319,0.6013304051011801,0.9600639661445404,0.1663886592287229,0.1488126325618669,0.9960020683838092,,0.848218523642283,0,16,1062.6
A100_Q_reference_4,jhpce_a100,local,0.7521195077031279,0.5944660550704023,0.5882461071014404,0.8585412954405612,0.9660685889309868,0.7343678648469945,0.8080660863295553,0.5998549703508615,0.9616070777039036,0.1654289051471728,0.1528887829326528,0.9954549149607268,,0.8385665226821402,0,16,1103.5
L40S_Q_reference_4,jhpce_l40s,local,0.7503275380061427,0.5944127345319161,0.5902981758117676,0.8596703502627479,0.9629934422187922,0.7301370966071451,0.821503409965083,0.5978639889508486,0.9641909228056652,0.1670231677317676,0.1494638176942103,0.995552235833998,,0.8455220777841124,0,16,1008.9
L_Q_barycenter_8,local_rtx3080,local,0.6592470973188733,0.4385976762081772,0.5115417819470167,0.7559684749541565,0.9743993183762591,0.5870872156766743,0.7831629814895391,0.4410699941217899,0.9583658196758246,0.1506557280339753,0.1691899692683974,0.9946123681863333,,0.497551060394805,0,16,1082.4
A100_Q_barycenter_8,jhpce_a100,local,0.6433248177963344,0.411068051414954,0.5316078588366508,0.7707602726265169,0.9732998640021966,0.6552255891583605,0.7583246019498388,0.4900743374601006,0.9628986848014548,0.1481182561940628,0.1598372672714343,0.9932911936835024,,0.8742484205979071,0,16,1010.6
L40S_Q_barycenter_8,jhpce_l40s,local,0.6794102941505797,0.4448224812762947,0.5223570205271244,0.7612936576417166,0.9808787448185924,0.7033142792661268,0.7778181165978791,0.4630998447537422,0.9623780046378586,0.146450755381712,0.1682275430307885,0.9938735477294044,,0.8865329334796893,0,16,1049.5
L_Q_reference_9,local_rtx3080,local,0.715164737758933,0.5427328494768339,0.5951322689652443,0.8403964947594315,0.8440596149612839,0.7738707833744533,0.8114861692833087,0.6506139594130218,0.9203929280455704,0.1423725150394732,0.1032622062042356,0.9986804837719746,,0.8598811514151188,0,16,989.6
A100_Q_reference_9,jhpce_a100,local,0.6990154961478026,0.428129583481644,0.5887619331479073,0.8415968261677466,0.8455901908573981,0.7716308180165754,0.8200122685687479,0.6502143852412701,0.9441859899088416,0.1404623495269241,0.1056985109941692,0.9984144789654844,,0.861852773438077,0,16,1014.2
L40S_Q_reference_9,jhpce_l40s,local,0.7149066680434109,0.5475660296358392,0.5904285162687302,0.8417518411177181,0.8461832223090556,0.7773626036512153,0.8196227909955257,0.649844266474247,0.9208438615893512,0.1522996282183834,0.1049823018329589,0.9988473729550672,,0.8677979836837493,0,16,1014.4
L_Q_discriminator_6,local_rtx3080,local,0.7385436987029416,0.5952461362154726,0.5422173552215099,0.8004012013955824,0.6526561227533724,0.480354919763715,0.7950667055481395,0.6013624416664243,0.9786926198701938,0.227776786388514,0.2213855205467644,0.9953816803342832,,0.8672366681079448,0,16,1078.4
A100_Q_discriminator_6,jhpce_a100,local,0.7424844753827826,0.5938042288307962,0.5421052761375904,0.8040246287887673,0.6630711414570313,0.4969402301379105,0.8107124893144153,0.6001220438629389,0.9729291799726256,0.2308138907176415,0.2185046009009792,0.9961292511748784,,0.8610598095821396,0,16,1072.4
L40S_Q_discriminator_6,jhpce_l40s,local,0.7408744109110208,0.5960052735408632,0.5430045165121555,0.8038235637876332,0.6677102359955314,0.4847326521046663,0.7999150587980759,0.600492974743247,0.9813556214033036,0.2233742420337676,0.2225452933667136,0.9962042701109736,,0.866155586076671,0,16,1017.3
L_Q_pooled_6,local_rtx3080,local,0.7652475500531126,0.605675044902336,0.5981845185160637,0.8668978419458058,0.977262694532322,0.7719495881894557,0.8342049932317079,0.6259794287616387,0.9685675972647312,0.1729093813548804,0.1506519542122936,0.9963886566770964,,0.8527626776158022,0,16,1022.9
A100_Q_pooled_6,jhpce_a100,local,0.7582385306201102,0.6019925727794098,0.6017629057168961,0.8659377311205991,0.976333420580948,0.7673414037957744,0.8176355967386025,0.6271636683959514,0.981002869625425,0.1707405081112343,0.1457237450022541,0.996632634106273,,0.8397492818087591,0,16,1206.5
L40S_Q_pooled_6,jhpce_l40s,local,0.7400133912656944,0.5721909424105154,0.5970000103116035,0.8621285967034962,0.9783725690545136,0.763059070514246,0.8384745428002022,0.6263092826702632,0.9744633161192428,0.1702371340187386,0.1401983220910281,0.9967401461435476,,0.8417266927896554,0,16,1109.6
L_Q_mmd_8,local_rtx3080,local,0.7198130639551077,0.5418330259052618,0.6180621460080147,0.8407418498326151,0.8065762842147804,0.6307404286299007,0.8508668558730017,0.6355460766353644,0.919298030735908,0.1607872239532799,0.1300827638015581,0.9982101185839768,,0.8676562956315544,0,16,1057.4
A100_Q_mmd_8,jhpce_a100,local,0.7288340871403757,0.539011099740523,0.6144196838140488,0.8392607931387833,0.8021322699527484,0.6081271324265568,0.8497315246141179,0.6369511371012777,0.9172100942959016,0.1586292877723157,0.1287296343732619,0.9980394801560278,,0.8657825523979379,0,16,1053.5
L40S_Q_mmd_8,jhpce_l40s,local,0.7248786259934034,0.5502917656649997,0.6142883822321892,0.8419874349143637,0.808040835210065,0.593764868063045,0.8477432875139707,0.6363858478143811,0.914804436680881,0.1515487049998892,0.1325208976176833,0.997901312467137,,0.8674727326832836,0,16,1093.8
L_Q_discriminator_8,local_rtx3080,local,0.7908591308336973,0.7509016956100553,0.5823767334222794,0.8215009230649504,0.7490106774113011,0.5745661725728068,0.8014300834300835,0.5851212274283171,0.9656780997463836,0.1884820320760455,0.1806251515050504,0.9962309740579622,,0.8732142259901956,0,16,1202.3
A100_Q_discriminator_8,jhpce_a100,local,0.7553348605030625,0.5995321031714343,0.5881272628903389,0.8236868435116844,0.786208752821534,0.5860697217800704,0.7942899994645543,0.5912119280546904,0.9594810587803912,0.1901088063042212,0.1800352961972212,0.9966308519883432,,0.8670497436717166,0,16,1147.3
L40S_Q_discriminator_8,jhpce_l40s,local,0.7493208572620866,0.5888529289892238,0.5904534235596657,0.8230280870493702,0.7956529078353963,0.6276276982646031,0.7972085613746468,0.583273253403604,0.9699417848568672,0.1767320972840091,0.183457132397408,0.9964015268053156,,0.8656329079647949,0,16,1061.1
L_Q_barycenter_7,local_rtx3080,local,0.6542258575796058,0.3720860643432612,0.5432885438203812,0.8318408221509449,0.8356641639257751,0.5943422934839301,0.6928158278592815,0.5764770619571209,0.9553994750918996,0.1754890383022637,0.105784668763013,0.9951122960634488,,0.6972290599129831,0,16,945.3
A100_Q_barycenter_7,jhpce_a100,local,0.6495189499392511,0.3681087160836352,0.5434134528040886,0.8286074766570568,0.8458937172049452,0.5901677791985189,0.7567376817991966,0.5843947613611817,0.9248904802545792,0.1741290537936637,0.0984018925267083,0.995474993606096,,0.7294227765655495,0,16,973.7
L40S_Q_barycenter_7,jhpce_l40s,local,0.6435253958953853,0.4224966994517899,0.5383479371666908,0.8201428990032871,0.8159881610298381,0.5219519734978675,0.7174105245277234,0.5667863059788942,0.9844008844536328,0.1903383834327181,0.1014744055876128,0.994847819446192,,0.6678425864809471,0,16,938.6
L_Q_mmd_3,local_rtx3080,local,0.6559866274716991,0.3456454760673207,0.593596912920475,0.8024774364728737,0.7129115090593349,0.6578758571867489,0.8285908334665589,0.6683861445635557,0.914893070367202,0.1306406920094002,0.0820063796267237,0.9975322590016112,,0.8599522159164066,0,16,887.1
A100_Q_mmd_3,jhpce_a100,local,0.6586040101096498,0.4301729069193842,0.5940195396542549,0.8035140500891685,0.7126005902514233,0.6695221882280862,0.8243060499506991,0.6686872784048319,0.9226234802475712,0.1302561793012397,0.0803092344741451,0.9977465334923986,,0.8690873947296237,0,16,948.6
L40S_Q_mmd_3,jhpce_l40s,local,0.6654078541264051,0.3593754606414309,0.5957342609763145,0.8022395204631717,0.7147109548450722,0.663766439549342,0.8301482105365188,0.6651621088385582,0.916076302882874,0.1292765699290015,0.0826170487942596,0.998164022909015,,0.8693595008915114,0,16,944.5
L_Q_reference_7,local_rtx3080,local,0.692890905335961,0.423566938126655,0.578772097826004,0.8338446592186877,0.8515722181144084,0.7515982775237161,0.7684887929340811,0.6294850767590106,0.9186776094151728,0.1538458572651133,0.1034638538152147,0.9974204883957056,,0.8546985304880178,0,16,1034.9
A100_Q_reference_7,jhpce_a100,local,0.7028306071621556,0.5327925652056816,0.5816568955779076,0.8311967315654903,0.8518653465534375,0.7454012287497541,0.720740393121595,0.6295643458142877,0.9228943618012808,0.1358155358511021,0.1021585258100992,0.9978553952396182,,0.8554538741970218,0,16,1001.5
L40S_Q_reference_7,jhpce_l40s,local,0.6960052484821391,0.4299922351202305,0.5809481739997864,0.8334177617632922,0.8518190982946776,0.7656467681610969,0.8182927354454601,0.6317396350204945,0.91294008549494,0.1552446079278989,0.1017274662088298,0.9978477784959312,,0.8557053944798838,0,16,1035.8
L_Q_sinkhorn_2,local_rtx3080,local,0.755432912748867,0.601994107374679,0.5941584408283234,0.856368462230468,0.949230772205772,0.825418643221183,0.8320838005275282,0.6154557345435023,0.9614501222164512,0.1808879371731822,0.2167429546304254,0.9953861659802884,,0.8579602158292163,0,16,1150.1
A100_Q_sinkhorn_2,jhpce_a100,local,0.7927611357148749,0.7438423429578526,0.5956801623106003,0.8582086585931878,0.949840976574004,0.8187741624145181,0.8308940826491157,0.617938719689846,0.961936899299382,0.1897378604688215,0.2106149873476723,0.9950357522302902,,0.8570794696716113,0,16,1119.6
L40S_Q_sinkhorn_2,jhpce_l40s,local,0.7517323871121926,0.5987091366138445,0.5914540812373161,0.8598584011508092,0.9498159536371024,0.8116276974237504,0.8086604446499033,0.6166124856099486,0.9732499160949948,0.1777582844921907,0.2072870816359725,0.9943947618251984,,0.8617597395311394,0,16,1124.5
L_Q_reference_0,local_rtx3080,local,0.7605455323876448,0.606312242925816,0.593471996486187,0.8671959617455749,0.9594047240485728,0.7490509722645918,0.8312427162511657,0.6281408979557455,0.9822956471445342,0.146362105641109,0.1518544285963781,0.9955159567494026,,0.833861677590791,0,16,1087.5
A100_Q_reference_0,jhpce_a100,local,0.7612706630027785,0.6052020981667978,0.5932711809873581,0.8700789329547373,0.9600643734057588,0.7275735218168171,0.8311126732040564,0.6225063307210803,0.9808685083115608,0.142827253663737,0.1537421074533271,0.9954613938644504,,0.8442687109228395,0,16,1097.9
L40S_Q_reference_0,jhpce_l40s,local,0.752099185962645,0.5950291784626355,0.5916177853941917,0.8667271948315773,0.9431798504884896,0.73842354727419,0.8335437381312066,0.6278590462170541,0.9827722470165404,0.1535360999912975,0.1481611167777391,0.9956175580349218,,0.85225098141097,0,16,1156.3
L_Q_mmd_9,local_rtx3080,local,0.6581327136514342,0.3447318172329207,0.5981982499361038,0.8091431398038392,0.7142428670793527,0.6209743758964341,0.8409764907365478,0.6556127369403839,0.9078397451685234,0.1319868820894176,0.0734386671559825,0.9987740364171168,,0.8650103591780594,0,16,957.9
A100_Q_mmd_9,jhpce_a100,local,0.6608866273015198,0.3540172618368912,0.5981104597449303,0.8106073056392096,0.7138048790753728,0.628646789633704,0.8256261971745985,0.655788142234087,0.9308136393613748,0.1280330270946703,0.0707853437021885,0.998840713309035,,0.8692317773778302,0,16,965.5
L40S_Q_mmd_9,jhpce_l40s,local,0.6651974210459678,0.3601319447343655,0.5986686497926712,0.8088256040678361,0.7219020768011871,0.6325504889288013,0.8019244077705378,0.6568879075348377,0.930421202283553,0.1229913725157312,0.0723050936384154,0.9984923599989638,,0.8625391975818032,0,16,945.0
L_Q_barycenter_3,local_rtx3080,local,0.6452660051874956,0.4250272653526905,0.5324417315423489,0.8137802839261343,0.8399706765841671,0.6116914316864916,0.7323526807792512,0.5860679177567363,0.9444045674130496,0.1691460815873074,0.1022680461499184,0.9922210789397512,,0.7863648308119643,0,16,932.9
A100_Q_barycenter_3,jhpce_a100,local,0.6121329449075672,0.3004161681382367,0.5257517006248236,0.8254564492751049,0.9155887529814676,0.6157953985117495,0.7587595458992985,0.579002546146512,0.974803211528306,0.1654650019972584,0.1035553796252418,0.9918712427241267,,0.7997230143816642,0,16,888.1
L40S_Q_barycenter_3,jhpce_l40s,local,0.6295233334711957,0.3415383686072739,0.5274983644485474,0.8199202838498116,0.8641734912561905,0.6200826331506153,0.6321526429724735,0.5677991956472397,0.96880651938469,0.1782267396506192,0.0988350394418185,0.992185255713013,,0.773224776622435,0,16,958.7
L_Q_barycenter_0,local_rtx3080,local,0.6620948435106608,0.4187883909493569,0.4982061750488356,0.8092922373145879,0.9853870309177802,0.6265919368893745,0.6996724360963485,0.5712319165468216,0.9784851504497444,0.2126513241891541,0.1799242193851296,0.993181222364869,,0.843367182068447,0,16,977.1
A100_Q_barycenter_0,jhpce_a100,local,0.6445148579422549,0.3971608540672011,0.4872840279713273,0.8080445206695508,0.9846047191942792,0.6036478531790228,0.7674381006905111,0.5659233955666423,0.9652249161855146,0.2008810434967936,0.1824199366600807,0.992822447121197,,0.7957871640350709,0,16,999.4
L40S_Q_barycenter_0,jhpce_l40s,local,0.644914414900857,0.3766638218173678,0.4885971220210194,0.8088280251539413,0.9860174367925932,0.5571480388000457,0.7853752117509387,0.5678175715729594,0.9698544593058536,0.2059183397651048,0.1767208579014398,0.9928388980771188,,0.8589755846923396,0,16,997.3
L_Q_sinkhorn_5,local_rtx3080,local,0.6678566487691384,0.4255883289552542,0.593097910284996,0.8185059813371918,0.7501411023718692,0.8311810894956807,0.8461438563217513,0.6744029112160206,0.9191549942073304,0.1231048420647225,0.0870098463049115,0.9985378830505606,,0.8538537571006467,0,16,925.6
A100_Q_sinkhorn_5,jhpce_a100,local,0.6666020517065449,0.4265104072964713,0.5976056009531021,0.8295351752944032,0.765562513011591,0.8280654710682922,0.8296093260719561,0.6742282342165709,0.919056896426268,0.1339636799512225,0.0891109467869673,0.9986002096589685,,0.8505543352233664,0,16,969.4
L40S_Q_sinkhorn_5,jhpce_l40s,local,0.6677895099369672,0.4277840910172434,0.5935439243912697,0.8212228298141497,0.7497205786902459,0.835626469536596,0.8147320190938949,0.6762223429977894,0.9250180395333808,0.1249345795206424,0.0870648539579062,0.9987638069666552,,0.8507911096266996,0,16,935.3
L_Q_reference_1,local_rtx3080,local,0.7149790106280722,0.5540992432534643,0.5848894640803337,0.8358696654176984,0.8601220090759275,0.7591184632638047,0.8349050739198777,0.6373543543741107,0.9240148048144772,0.1555833854712465,0.1236335715828314,0.9967464494560366,,0.8493617034242291,0,16,1028.6
A100_Q_reference_1,jhpce_a100,local,0.7147942843667048,0.5527189910668332,0.5847593545913696,0.8383448370885849,0.8579863162170399,0.7588292207725266,0.8299297359185314,0.6368873794563115,0.9222018712173234,0.1533679472424287,0.1237172251284842,0.997080160087642,,0.8554187914182396,0,16,959.4
L40S_Q_reference_1,jhpce_l40s,local,0.7063077292431356,0.5374425612397254,0.5848032981157303,0.8341108600540538,0.8570655499647725,0.75130260296003,0.8340222972210855,0.6308546848595142,0.9233007749391642,0.1564209747878385,0.1176343679324457,0.996752229269075,,0.8531601437225167,0,16,1004.8
L_Q_reference_2,local_rtx3080,local,0.7504001366099998,0.5932948900644539,0.5962671414017677,0.8607462618097217,0.9730912129595444,0.7140203824335585,0.8214573569924437,0.6263099247589707,0.9860737069364592,0.1618038260638219,0.1446271967077286,0.9962111953694556,,0.8537464421641354,0,16,1066.2
A100_Q_reference_2,jhpce_a100,local,0.7505751428106617,0.5906473541668711,0.5976265072822571,0.8626430447489262,0.9732776563832214,0.7200621291321614,0.8239859349652414,0.6245995508506894,0.9729519456021996,0.1472686393053127,0.1426339058550607,0.9960252716144014,,0.8580837557079225,0,16,1017.4
L40S_Q_reference_2,jhpce_l40s,local,0.7612028575210263,0.5989835903587581,0.6001796573400497,0.8619375955114292,0.9738884864661372,0.7450361652304086,0.8286200713610142,0.6287186550907791,0.9871802228980636,0.159866085196163,0.1418560345800445,0.9963012677747992,,0.8617535284924519,0,16,1117.7
L_Q_mmd_6,local_rtx3080,local,0.7146584792216097,0.5297976092200786,0.6052074059844017,0.8462926353191269,0.8071069848318322,0.621402007002313,0.8294507683259889,0.6653039064258337,0.9204899165638376,0.1348186486277991,0.1197347035948798,0.9976918274185672,,0.8745105046472157,0,16,985.3
A100_Q_mmd_6,jhpce_a100,local,0.7118942550428176,0.5368937633793655,0.6033985465764999,0.8472190529045303,0.8027582549370265,0.6221739963606383,0.8381868491349375,0.6651625838130713,0.9777101342972628,0.1316586819818594,0.1210946579173896,0.9974777579318292,,0.8736702812729715,0,16,1030.8
L40S_Q_mmd_6,jhpce_l40s,local,0.7050875901972146,0.436240727597711,0.6036120131611824,0.8436545407486704,0.8025488128708201,0.626924244668591,0.8262170277374237,0.6684706453233957,0.9058590060472156,0.1352352141315587,0.1204034894549188,0.9978013220693608,,0.874247902254629,0,16,939.0
L_Q_discriminator_2,local_rtx3080,local,0.7621319518537283,0.6048345915541214,0.5763558000326157,0.8257143110040449,0.7671164608440477,0.674179421732635,0.8065643620183288,0.5788109432905912,0.9582707569433346,0.1623277749224916,0.2069497086203691,0.9945695445429654,,0.8742926172480758,0,16,1170.3
A100_Q_discriminator_2,jhpce_a100,local,0.7592197611934409,0.5991392980171804,0.575220063328743,0.8244866944386957,0.7725604919613098,0.6627528476263183,0.8056150075129903,0.5863432371988893,0.9612009249092024,0.1627357880289031,0.199272981741736,0.9954659429925948,,0.8763226822800869,0,16,1081.5
L40S_Q_discriminator_2,jhpce_l40s,local,0.7642311705258106,0.6059698987847242,0.57884930819273,0.8311949568892958,0.8088524833499218,0.6432704423317548,0.8103774337702756,0.5843938142061234,0.9585373140820544,0.1771124014058485,0.2064797158053809,0.9950405990432702,,0.8811015533114552,0,16,1120.8
L_Q_sinkhorn_6,local_rtx3080,local,0.7626357623605122,0.608567346751601,0.6029946655035019,0.855855360383563,0.9477278512097086,0.7560163417930135,0.8386602146458436,0.6353181512095034,0.9841699266919446,0.1721887442196149,0.2053366010678704,0.9963677320269478,,0.860696603126651,0,16,1111.7
A100_Q_sinkhorn_6,jhpce_a100,local,0.7653603385673009,0.6021380276349516,0.6042078882455826,0.8551658250029218,0.9436420211496908,0.7640489109297112,0.8484290213986406,0.6383677185513079,0.974590375694085,0.1745344688613825,0.1944837158732552,0.9968089029776264,,0.8594187762932817,0,16,1174.6
L40S_Q_sinkhorn_6,jhpce_l40s,local,0.7710509432546634,0.604700083889605,0.6073132306337357,0.8564256311879865,0.9439977127225518,0.7906177763811914,0.8425146437092185,0.6352782282046974,0.9744698093361585,0.1693716643277591,0.1990115339701108,0.9967536497704516,,0.8633472467270591,0,16,1175.5
L_Q_barycenter_6,local_rtx3080,local,0.7299643488472077,0.6139950284381849,0.5681081563234329,0.8312509898830587,0.9701619202336694,0.6902253023179344,0.8181598861419119,0.5879593268036842,0.9837293397189736,0.1945122541048055,0.1663460492772717,0.9953852964843884,,0.8565305684765688,0,16,1009.0
A100_Q_barycenter_6,jhpce_a100,local,0.710733467450579,0.5625597057379478,0.5653633549809456,0.8321994124141894,0.9675128479271718,0.6963560231511172,0.811776922370807,0.5892922740022186,0.9727869902445034,0.1977021286940741,0.1658705782471985,0.9954690256071312,,0.8485059552263174,0,16,996.3
L40S_Q_barycenter_6,jhpce_l40s,local,0.7394350422950963,0.6266619881796696,0.5702288374304771,0.8405465347559484,0.9626862615593036,0.6753771432165121,0.7892728832119708,0.5799268963746727,0.9700345013358982,0.2096912855095188,0.1655359018498913,0.9957063224079888,,0.8596071081608243,0,16,962.9
L_Q_pooled_8,local_rtx3080,local,0.763244835297709,0.6005589174790084,0.6008032187819481,0.8616759035230326,0.9735881495603972,0.7989171459763413,0.8299283226853671,0.6027232920750976,0.9759191003293656,0.1900773235198612,0.148692563342213,0.9966969067957084,,0.8481860916478041,0,16,1118.3
A100_Q_pooled_8,jhpce_a100,local,0.7647405592542657,0.6154573944323335,0.5988112017512321,0.8592331954832464,0.9766245076601496,0.7848180782782908,0.8316490149060038,0.6077777612954378,0.9637759056196024,0.1924744659236348,0.1446796973595691,0.9971596217014148,,0.8554629053502956,0,16,947.3
L40S_Q_pooled_8,jhpce_l40s,local,0.7654701682131064,0.6044150251600332,0.6021488159894943,0.8642700049227414,0.9750558994199248,0.7937706523132718,0.8306976113077854,0.6057805493474007,0.975292138305028,0.1916972922688233,0.1503936469646537,0.9966186535240696,,0.8397768186514545,0,16,870.1
L_Q_pooled_9,local_rtx3080,local,0.7010275421033908,0.4406420278790305,0.6093116700649261,0.8419501703144406,0.8760374792118776,0.7892500325584499,0.8424589972073815,0.6367027062224224,0.923230521625934,0.1361950034304524,0.0950210680383079,0.998557530544792,,0.8564709609979009,0,16,780.4
A100_Q_pooled_9,jhpce_a100,local,0.7073279907755263,0.5395826112322042,0.6096539571881294,0.8412778995063941,0.873465914778867,0.7967489523945094,0.8160566119457286,0.6338489227928221,0.9176675528002848,0.1494527202494391,0.0999236849655188,0.9985136171735872,,0.8594564484054521,0,16,716.5
L40S_Q_pooled_9,jhpce_l40s,local,0.698448340580143,0.3960821449306463,0.6115106418728828,0.8393739404756141,0.8749428554010705,0.809129610018614,0.8202159036114882,0.6346788955852389,0.920945960054114,0.1425358843041584,0.0966649535591682,0.9987915418977048,,0.8608765883763478,0,16,559.6
